"ID","Description","setSize","enrichmentScore","NES","pvalue","p.adjust","qvalue","rank","leading_edge","core_enrichment","direction","core_gene_count","comparison"
"mmu04668","TNF signaling pathway",96,0.769654715156232,2.6592477810315,4.94463712291006e-18,1.62678561343741e-15,1.13466409767831e-15,639,"tags=34%, list=6%, signal=33%","20311/20297/257632/14825/20310/22329/21926/26410/12981/13614/12977/21929/330122/18035/16878/20312/16168/19225/15945/16362/21938/12051/19094/73086/22031/11796/18033/15953/14102/74256/16477/22033/15894","Positive NES",33,"STm vs NT"
"mmu04060","Cytokine-cytokine receptor interaction",81,0.76865545059448,2.58922047750303,8.46895311766869e-15,1.3931427878565e-12,9.71700936658829e-13,749,"tags=42%, list=7%, signal=39%","16175/20311/20297/14825/20310/20303/21926/12981/12977/22035/330122/18383/16878/20312/16168/21934/57349/15945/21938/21808/15979/18414/66102/16178/15976/12159/16173/14102/13857/242700/57914/12161/20304/23886","Positive NES",34,"STm vs NT"
"mmu04621","NOD-like receptor signaling pathway",128,0.67495974113234,2.40989717271816,8.03888500514088e-14,8.8159772223045e-12,6.14904186358145e-12,1137,"tags=29%, list=11%, signal=26%","257632/14825/20310/21926/229898/21929/330122/18035/56489/12362/19094/192656/229900/24014/12363/12364/22031/14469/15976/11796/23961/66734/268749/18033/69146/16173/22033/20304/54396/270151/268973/22030/13057/19697/18753/72512/17874","Positive NES",37,"STm vs NT"
"mmu05323","Rheumatoid arthritis",45,0.846117061280783,2.58874096187441,2.46220343007925e-13,2.02516232124018e-11,1.4125272309402e-11,162,"tags=31%, list=2%, signal=31%","24088/16175/20311/20297/14825/20310/21926/12981/12977/330122/14254/16168/21934/21808","Positive NES",14,"STm vs NT"
"mmu04064","NF-kappa B signaling pathway",73,0.747126104023335,2.47605829319248,5.29729318907452e-12,3.48561891841103e-10,2.43117876888051e-10,1184,"tags=42%, list=11%, signal=38%","14825/20310/20303/22329/21926/21929/330122/12475/18035/21934/19225/18792/19698/17060/22031/18034/11796/18033/234779/74256/22033/16803/15894/17087/333654/22030/16177/19697/12633/17874/12042","Positive NES",31,"STm vs NT"
"mmu04657","IL-17 signaling pathway",60,0.773087801655939,2.46904328386536,1.95026881961009e-11,1.06939740275286e-09,7.45892285394735e-10,661,"tags=30%, list=6%, signal=28%","20311/20297/16819/14825/20310/21926/12981/21929/330122/18035/56489/19225/15945/19094/22031/18033/22033/23939","Positive NES",18,"STm vs NT"
"mmu05152","Tuberculosis",105,0.670095734914324,2.34425803471256,1.30521083875577e-10,6.1344909421521e-09,4.27873628343996e-09,1290,"tags=27%, list=12%, signal=24%","24088/16175/257632/18126/21926/12475/12266/21808/15979/19094/192656/16706/108960/18033/16173/53970/19727/11783/16803/12122/12323/271457/19697/15980/17874/12042/20779/29857","Positive NES",28,"STm vs NT"
"mmu04061","Viral protein interaction with cytokine and cytokine receptor",24,0.893959409767733,2.41203662014279,2.37233360654737e-10,9.75622195692605e-09,6.80485166088587e-09,135,"tags=54%, list=1%, signal=54%","20311/20297/14825/20310/20303/21926/12977/22035/330122/20312/57349/15945/21938","Positive NES",13,"STm vs NT"
"mmu05146","Amoebiasis",53,0.769937132876907,2.39601845233718,6.33623013682382e-10,2.31624412779448e-08,1.61555341500303e-08,1094,"tags=42%, list=10%, signal=37%","24088/18126/14825/20310/16774/21926/12981/330122/12475/20723/21808/20708/16178/226421/18033/18752/16780/16782/271457/16177/19697/14676","Positive NES",22,"STm vs NT"
"mmu05140","Leishmaniasis",42,0.792980298280216,2.38691199931896,7.09229989828357e-09,2.17464898626176e-07,1.51679244602484e-07,1290,"tags=43%, list=12%, signal=38%","24088/16175/18126/21926/12266/18035/19225/21808/15979/19094/18033/13057/19697/17357/15980/17874/16476/29857","Positive NES",18,"STm vs NT"
"mmu05171","Coronavirus disease",166,0.573547391710589,2.09693887869881,7.27086287199981e-09,2.17464898626176e-07,1.51679244602484e-07,1290,"tags=16%, list=12%, signal=14%","24088/21926/12981/12266/18035/56489/15945/17857/12362/19094/22031/15976/23961/17858/18033/234779/13649/18752/621697/19697/15200/72512/17874/18186/16476/29857","Positive NES",26,"STm vs NT"
"mmu04380","Osteoclast differentiation",82,0.661177330385486,2.22924919135035,1.7269188093707e-08,4.73463573569135e-07,3.30235351265626e-07,1085,"tags=33%, list=10%, signal=30%","16175/21926/12977/18035/18383/12703/21934/19698/21808/15979/19094/17060/15976/18034/18018/18033/234779/74256/18412/16477/14389/22030/13057/16177/14200/19697/15980","Positive NES",27,"STm vs NT"
"mmu05133","Pertussis",45,0.769066158753627,2.35299955368261,2.86131674820992e-08,7.24133238585435e-07,5.05074535311549e-07,418,"tags=22%, list=4%, signal=21%","16175/20311/18126/21926/12475/12266/16362/12362/19094/18033","Positive NES",10,"STm vs NT"
"mmu05417","Lipid and atherosclerosis",142,0.577410676701989,2.08949085986667,4.73448632602601e-08,1.11260428661611e-06,7.76028585769678e-07,1290,"tags=25%, list=12%, signal=22%","24088/14825/20310/22329/21926/22035/330122/12475/18035/56489/12362/19094/22031/18018/18033/16173/14102/11307/11783/16803/15894/17087/12122/20304/22030/12323/13057/13666/19697/17874/18986/20779/16476/215449/29857","Positive NES",35,"STm vs NT"
"mmu00100","Steroid biosynthesis",15,-0.867962044945999,-2.36160991445457,7.09694510408203e-08,1.55659662616199e-06,1.08570809311571e-06,653,"tags=73%, list=6%, signal=69%","235293/18194/13121/66234/13360/73166/16987/98386/14137/15490/20775","Negative NES",11,"STm vs NT"
"mmu04620","Toll-like receptor signaling pathway",68,0.681363044524331,2.2433787382299,1.36408264535156e-07,2.80489493950414e-06,1.95638168872789e-06,741,"tags=24%, list=7%, signal=22%","24088/20303/21926/26410/12475/18035/56489/15945/19094/22031/15976/27056/18033/16803/17087/20304","Positive NES",16,"STm vs NT"
"mmu05134","Legionellosis",46,0.730945604521309,2.24437193044593,2.2646893448039e-07,4.38283996729696e-06,3.05698004437926e-06,1148,"tags=37%, list=11%, signal=33%","24088/14825/20310/21926/330122/12475/12266/18035/12362/18034/18033/16173/11783/268973/19697/17874/11841","Positive NES",17,"STm vs NT"
"mmu04062","Chemokine signaling pathway",97,0.609495170264274,2.11277298478514,3.82422577645771e-07,6.98983489141437e-06,4.87532876764784e-06,1359,"tags=24%, list=13%, signal=21%","20311/20297/14825/20310/20303/330122/18035/20312/57349/15945/66102/18033/234779/20304/56484/20300/19697/18753/109689/20779/11515/215449/216869","Positive NES",23,"STm vs NT"
"mmu05321","Inflammatory bowel disease",24,0.829764485428076,2.23882908225829,4.54102924174587e-07,7.86315063439153e-06,5.48445636953241e-06,1254,"tags=58%, list=12%, signal=52%","24088/16175/257632/21926/21808/15979/18018/18033/16173/19697/16190/15980/17127/16476","Positive NES",14,"STm vs NT"
"mmu05142","Chagas disease",66,0.670894495643423,2.19506488929193,5.51259009452388e-07,9.06821070549179e-06,6.32497179266425e-06,1464,"tags=32%, list=14%, signal=28%","24088/18126/21926/12266/18035/21808/15979/19094/72930/18033/14102/20304/19697/15980/14676/12633/17874/16476/29857/106759/21812","Positive NES",21,"STm vs NT"
"mmu05164","Influenza A",112,0.582899991056939,2.05153746984708,8.76601682920449e-07,1.37334263657537e-05,9.57890560785253e-06,1137,"tags=24%, list=11%, signal=22%","16175/21926/22035/18035/56489/15945/17857/15979/12362/24014/22031/15976/23961/17858/18033/16173/58185/14102/11783/15894/12122/20304/270151/19697/54196/15980/17874","Positive NES",27,"STm vs NT"
"mmu05168","Herpes simplex virus 1 infection",129,0.559715141585293,2.00248733537645,1.30769759571478e-06,1.95560231359165e-05,1.36400993237236e-05,1231,"tags=22%, list=12%, signal=20%","24088/21926/12266/18035/56489/170741/545812/15979/24014/22031/15976/11796/23961/18033/213233/14102/22033/15015/11783/12122/20304/22030/19697/19294/15980/72512/17874/18986/20779","Positive NES",29,"STm vs NT"
"mmu00970","Aminoacyl-tRNA biosynthesis",44,-0.612756922988896,-2.26091992419501,3.98711573138159e-06,5.6588033369133e-05,3.94694969587938e-05,2469,"tags=59%, list=23%, signal=46%","68915/69955/15115/107508/104458/69606/107045/85305/110960/107271/216443/71941/384281/105148/66590/226414/71807/22375/102436/70120/244141/23874/224805/70560/229487/109093","Negative NES",26,"STm vs NT"
"mmu03030","DNA replication",35,-0.652056144168464,-2.25217447201843,4.12800243422247e-06,5.6588033369133e-05,3.94694969587938e-05,1759,"tags=51%, list=16%, signal=43%","66979/19718/17215/69724/19075/17217/17216/19076/17218/327762/18969/72151/17220/19891/68275/18974/18973/18972","Negative NES",18,"STm vs NT"
"mmu05418","Fluid shear stress and atherosclerosis",104,0.572818328313539,2.00134911820377,5.50436476277469e-06,7.2437440278115e-05,5.05242744541003e-05,1350,"tags=28%, list=13%, signal=25%","16175/22329/21926/13614/18791/19094/12389/16178/68312/20971/68214/12159/18033/18591/18412/15894/23939/14865/13057/16177/15368/19697/16410/16800/11481/20779/16476/29857/12390","Positive NES",29,"STm vs NT"
"mmu04217","Necroptosis",102,0.574132352766795,1.99959251032399,7.6746230409947e-06,9.71134992495099e-05,6.77355393901557e-05,1421,"tags=25%, list=13%, signal=22%","16175/21926/22035/21929/15979/12362/15976/11796/268749/14102/74256/18412/22033/12122/19309/22030/12323/14645/15980/12633/58203/30941/66371/263876/11797/106759","Positive NES",26,"STm vs NT"
"mmu04625","C-type lectin receptor signaling pathway",71,0.62643212979212,2.06821265015661,9.59485206897753e-06,0.000116915049284948,8.15468908786394e-05,1290,"tags=31%, list=12%, signal=27%","21926/18035/56489/19225/16362/19698/12051/12362/19094/16706/18034/18018/18033/234779/74256/19697/18753/12042/20779/13654/16476/29857","Positive NES",22,"STm vs NT"
"mmu03008","Ribosome biogenesis in eukaryotes",71,-0.488241052447895,-1.99192727266366,1.50742797966865e-05,0.000177122787611067,0.00012354109006307,2963,"tags=58%, list=28%, signal=42%","74097/237082/97112/216987/12995/269470/100019/67973/227522/110816/21453/66711/217995/54364/73674/55989/217109/68272/24128/69237/14113/72515/230737/67045/102462/21771/67724/14000/67459/245474/27993/117109/67619/66932/30877/213895/59028/102216272/67134/98956/57815","Negative NES",41,"STm vs NT"
"mmu00900","Terpenoid backbone biosynthesis",21,-0.725022830689104,-2.24193373566672,2.04979557150436e-05,0.000232545773456874,0.000162197979886734,1626,"tags=67%, list=15%, signal=57%","110446/57295/56075/319554/17855/110196/110460/67422/192156/208715/71365/240334/68603/15357","Negative NES",14,"STm vs NT"
"mmu05145","Toxoplasmosis",75,0.601914468436188,2.00548723193812,2.19063193792823e-05,0.000240239302526129,0.000167564127181879,1137,"tags=24%, list=11%, signal=22%","24088/18126/16774/21926/18035/12703/21808/15979/19094/11796/18033/16780/17087/54396/16782/19697/15980/17874","Positive NES",18,"STm vs NT"
"mmu03013","Nucleocytoplasmic transport",97,-0.44639213730859,-1.92269498469037,2.4607748351228e-05,0.000261159651856581,0.000182155828202639,2963,"tags=44%, list=28%, signal=32%","97112/192160/53817/69736/108989/19826/110379/18141/70572/21681/386612/226747/74204/18949/72787/56215/233726/192170/66441/227720/67031/18226/16650/73192/68134/66069/54563/19069/110750/71805/170762/227699/269966/75751/107829/69482/226432/70699/433702/445007/69912/103468/234865","Negative NES",43,"STm vs NT"
"mmu05144","Malaria",14,0.852658887651379,2.07061577938479,2.74619874217978e-05,0.000282343558180359,0.000196931357169471,1137,"tags=64%, list=11%, signal=58%","24088/22329/21926/21808/21825/16173/15894/17295/17874","Positive NES",9,"STm vs NT"
"mmu04936","Alcoholic liver disease",94,0.56812513147815,1.95726907669421,3.23466058918971e-05,0.000322485858740429,0.000224930146233926,1021,"tags=22%, list=10%, signal=20%","14825/20310/21926/330122/12475/12266/18035/56489/19094/22031/11529/18033/14102/16803/21414/17087/80911/19079/56484/64899/19697","Positive NES",21,"STm vs NT"
"mmu05162","Measles",95,0.558389930471131,1.92806487736367,3.42949719115737e-05,0.000331854287026699,0.000231464516307216,673,"tags=16%, list=6%, signal=15%","24088/16175/21929/18035/56489/17857/22031/15976/170770/23961/17858/18033/14102/11783/12122","Positive NES",15,"STm vs NT"
"mmu05169","Epstein-Barr virus infection",156,0.491071564549869,1.78962011493213,4.48060042022513e-05,0.000421176439501162,0.000293765681686941,673,"tags=15%, list=6%, signal=15%","24088/21926/21929/18035/56489/18037/15945/19698/19094/17060/22031/15976/18034/12125/23961/18033/213233/234779/14102/22033/15015/11783/15894/12122","Positive NES",24,"STm vs NT"
"mmu01240","Biosynthesis of cofactors",104,-0.418788811314481,-1.80190771972276,6.40934295739861e-05,0.000569911846752471,0.000397506903190014,2556,"tags=42%, list=24%, signal=32%","54128/27973/75735/192185/69080/171567/77697/14630/107508/56248/70383/20751/57028/108156/67164/68646/226139/216134/211347/11639/22276/230027/108645/66454/69719/14629/243085/110119/11637/71883/106564/52064/268756/13361/20425/22247/108037/14151/102216272/100727/12036/56749/17252/268566","Negative NES",44,"STm vs NT"
"mmu04010","MAPK signaling pathway",191,0.471160991430054,1.73898836441171,6.3210797851806e-05,0.000569911846752471,0.000397506903190014,1759,"tags=28%, list=16%, signal=24%","16175/21926/26410/12977/12475/14254/12286/19698/26404/21808/70686/19094/73086/18034/12297/18018/18218/63953/18033/14102/18591/13649/18752/338372/23939/26412/22030/16177/65964/17295/19697/30957/109689/17874/13867/319520/17762/235584/240672/11909/16476/215449/29857/216869/14256/21812/72349/22059/102626/12928/26406/192176/71751/17164","Positive NES",54,"STm vs NT"
"mmu04933","AGE-RAGE signaling pathway in diabetic complications",67,0.601866531010717,1.97518101897879,8.03354649001359e-05,0.000677701742362685,0.000472689105215374,1464,"tags=28%, list=14%, signal=25%","16175/22329/21926/13614/21808/19094/18018/18712/18033/14066/234779/15894/19697/18753/17127/16476/29857/56458/21812","Positive NES",19,"STm vs NT"
"mmu05167","Kaposi sarcoma-associated herpesvirus infection",133,0.51383840301737,1.84860131852638,8.0098770629911e-05,0.000677701742362685,0.000472689105215374,673,"tags=17%, list=6%, signal=16%","14825/20310/12981/330122/12266/18035/56489/19225/15979/19094/22031/15976/66734/18018/18033/234779/14102/18591/15015/15894/21414/12122","Positive NES",22,"STm vs NT"
"mmu05205","Proteoglycans in cancer",136,0.499072235004055,1.79788486072378,0.000120473020246879,0.000966722528322514,0.000674277751317575,1873,"tags=27%, list=18%, signal=23%","24088/21926/16398/14388/18792/22417/21808/21825/19094/16419/12389/20971/234779/14102/13649/18752/12323/17295/57265/17698/15200/22422/16410/13867/20779/13982/29857/22409/12390/11461/12402/22059/12575/12387/192176/14367/74769","Positive NES",37,"STm vs NT"
"mmu05200","Pathways in cancer",330,0.411337697213383,1.58435245043768,0.000119512749980354,0.000966722528322514,0.000674277751317575,1972,"tags=28%, list=18%, signal=23%","18126/16774/13614/18035/16168/16398/19225/22417/21808/15979/73086/22031/15976/170770/68312/18034/12125/11796/213498/54354/68214/18712/12159/18510/18033/234779/14102/18591/13649/22642/18752/13857/22033/16780/11783/21414/12122/26462/14865/67168/16782/22030/12323/15368/17295/19697/57265/58801/19219/22422/16190/15980/27057/16410/17127/11515/16476/13982/22409/11797/19730/18128/14256/56458/27015/14706/21812/18806/66197/12402/22059/14710/72993/14677/112407/14296/12928/13143/12575/12387/13017/16195/16776/14707/20683/14367/74769/12370/18129/16452/14062/112405","Positive NES",92,"STm vs NT"
"mmu04640","Hematopoietic cell lineage",25,0.74479187574955,2.0166023921771,0.000241921980139015,0.00189505551108895,0.00132177923985728,575,"tags=36%, list=5%, signal=34%","16175/21926/12981/12977/12475/16398/16178/13857/12494","Positive NES",9,"STm vs NT"
"mmu04650","Natural killer cell mediated cytotoxicity",53,0.616731152481477,1.91924659608935,0.000285664498987149,0.00218566558527376,0.00152447639606361,673,"tags=23%, list=6%, signal=21%","21926/12981/22035/15979/15976/18018/234779/14102/18752/379043/15894/12122","Positive NES",12,"STm vs NT"
"mmu05132","Salmonella infection",200,0.447205000712173,1.65779604797284,0.000294370885842986,0.00220109139641687,0.00153523572042514,2156,"tags=25%, list=20%, signal=20%","24088/21926/22035/12475/18035/19159/12362/19094/192656/12363/226421/11796/69582/18033/69146/16173/21414/17087/73710/268973/22030/271457/19697/17874/11841/240752/22151/19157/622434/16476/170625/29857/66616/11797/11461/269338/140579/353047/11852/12387/192176/234686/74769/12370/280408/21898/21933/26397/18479/56212","Positive NES",50,"STm vs NT"
"mmu03460","Fanconi anemia pathway",48,-0.521923441670989,-1.94943740041766,0.000320609958895413,0.00234401503281313,0.00163492329916257,1009,"tags=31%, list=9%, signal=28%","21975/104806/230484/67030/20892/52864/71711/19891/68275/12190/211651/193838/17350/237211/223970","Negative NES",15,"STm vs NT"
"mmu05332","Graft-versus-host disease",11,0.849060593137806,1.92526088648699,0.000347534305874382,0.00248562579636243,0.00173369516431614,605,"tags=36%, list=6%, signal=34%","16175/21926/14102/15015","Positive NES",4,"STm vs NT"
"mmu04613","Neutrophil extracellular trap formation",82,0.539052410393969,1.81748843274103,0.000355104771228162,0.00248573339859713,0.00173377021562686,1896,"tags=32%, list=18%, signal=26%","24088/12266/64008/12362/19094/12363/97114/18033/69146/78303/234779/18752/319149/13057/19697/319179/20779/29857/11461/319162/319158/15184/319164/232232/74769/319166","Positive NES",26,"STm vs NT"
"mmu04514","Cell adhesion molecule (CAM) interaction",45,0.635133806078765,1.94322626892601,0.000388549541925551,0.00266318331861471,0.00185753947674934,1443,"tags=44%, list=14%, signal=39%","22329/60533/54420/12740/50723/71908/20971/18260/270152/15015/15894/52118/19294/16456/16410/53321/12739/102657/16728/242122","Positive NES",20,"STm vs NT"
"mmu04622","RIG-I-like receptor signaling pathway",48,0.623606078377658,1.92712248032405,0.000420138265800587,0.00282092835608966,0.00196756481083841,1372,"tags=29%, list=13%, signal=26%","21926/18035/56489/15945/19094/22031/18033/74256/270151/22030/19697/72512/29857/54644","Positive NES",14,"STm vs NT"
"mmu05160","Hepatitis C",118,0.49119027383143,1.7318984255967,0.000595543731511296,0.00391867775334433,0.00273323228356763,1096,"tags=21%, list=10%, signal=19%","21926/18035/56489/15945/17857/54420/12740/72930/24014/22031/15976/71908/23961/17858/18033/58185/14102/18260/13649/11783/12122/22030/667373/19697/12633","Positive NES",25,"STm vs NT"
"mmu00640","Propanoate metabolism",25,-0.63436356228592,-2.07392376004152,0.000632226722565926,0.00395741221806893,0.00276024912346513,640,"tags=32%, list=6%, signal=30%","107476/60525/12040/110821/227095/13171/100705/68738","Negative NES",8,"STm vs NT"
"mmu04512","ECM-receptor interaction",28,0.704265828774328,1.96218089307592,0.00063751625397463,0.00395741221806893,0.00276024912346513,1127,"tags=39%, list=11%, signal=35%","16774/16420/16398/21825/16419/20971/16780/16423/114249/16782/16410","Positive NES",11,"STm vs NT"
"mmu04623","Cytosolic DNA-sensing pathway",55,0.586402809849454,1.83547783808091,0.000633892458808162,0.00395741221806893,0.00276024912346513,1288,"tags=25%, list=12%, signal=22%","20303/18035/56489/15945/12362/18033/69146/16173/20304/70796/19697/72512/58203/13423","Positive NES",14,"STm vs NT"
"mmu04670","Leukocyte transendothelial migration",64,0.560969700842484,1.81214635715773,0.000724773754209337,0.00441575120620133,0.00307993525180576,2726,"tags=53%, list=26%, signal=40%","22329/54420/12740/19094/71908/54354/234779/18260/18752/15894/13057/17698/16456/215449/29857/12739/11461/14677/232906/12388/12387/223864/74769/14083/22330/12927/64945/19229/109711/17356/18708/18803/67268/19877","Positive NES",34,"STm vs NT"
"mmu05410","Hypertrophic cardiomyopathy",36,0.645431665140687,1.89302738350645,0.000822276690990273,0.0049187096606509,0.00343074294039961,1472,"tags=36%, list=14%, signal=31%","21926/13614/16420/16398/21808/16419/12297/19079/22003/16410/326618/16905/11461","Positive NES",13,"STm vs NT"
"mmu04660","T cell receptor signaling pathway",82,0.523819427646981,1.76612836198546,0.000969025049726834,0.00569302216714515,0.00397081693309116,418,"tags=11%, list=4%, signal=11%","21926/26410/12981/18035/18037/19094/72930/18018/18033","Positive NES",9,"STm vs NT"
"mmu05161","Hepatitis B",127,0.465451817948678,1.65737224931183,0.00110124541724563,0.00635631126796163,0.00443345338798796,1464,"tags=20%, list=14%, signal=17%","24088/21926/18035/56489/21808/19094/12364/22031/18018/18033/14102/18752/11783/12122/19697/17874/20779/13654/17127/11909/16476/29857/106759/12913/21812","Positive NES",25,"STm vs NT"
"mmu00650","Butanoate metabolism",13,-0.709378336077972,-1.86703207350533,0.00114920962092507,0.00651879250490258,0.00454678216627343,1626,"tags=38%, list=15%, signal=33%","110446/110460/208715/78894/217666","Negative NES",5,"STm vs NT"
"mmu04382","Cornified envelope formation",90,0.51247814892371,1.74816486066733,0.00119669427632968,0.00667309181207569,0.00465440414344105,882,"tags=20%, list=8%, signal=19%","16774/16666/18600/16665/54420/12740/72930/16939/223917/71908/16687/18260/20198/16661/16780/21816/26457/16782","Positive NES",18,"STm vs NT"
"mmu04940","Type I diabetes mellitus",14,0.776013024162532,1.8844872622685,0.00125218149450504,0.00686612852820263,0.0047890450140719,605,"tags=29%, list=6%, signal=27%","16175/21926/14102/15015","Positive NES",4,"STm vs NT"
"mmu04518","Integrin signaling",70,0.555384863741491,1.83035836333619,0.00134740896140115,0.00726717292296686,0.0050687688280492,1231,"tags=27%, list=12%, signal=24%","22329/16774/12266/16420/14254/16398/21825/16419/18591/13649/16780/15894/114249/16782/241639/17295/286940/16410/20779","Positive NES",19,"STm vs NT"
"mmu03430","Mismatch repair",21,-0.628438213013457,-1.94327236453763,0.001654291038121,0.00877841534744851,0.00612284289151744,1706,"tags=38%, list=16%, signal=32%","19718/26909/17688/72151/19891/68275/18972/17350","Negative NES",8,"STm vs NT"
"mmu03420","Nucleotide excision repair",57,-0.432788709733402,-1.68489946306725,0.00184340525247851,0.00962667187405445,0.00671449198062349,3337,"tags=56%, list=31%, signal=39%","66491/19687/28015/13194/69833/69241/69920/14884/20021/68240/209357/22591/13872/59001/66420/231329/17749/14885/26370/99375/66979/19718/71101/19358/245841/72151/22590/19891/68275/18974/18973/18972","Negative NES",32,"STm vs NT"
"mmu04145","Phagocytosis",148,0.445959468500613,1.61886265749793,0.00224393914858607,0.0115352496857003,0.00804570286828558,1289,"tags=14%, list=12%, signal=12%","24088/16819/12475/12266/16398/21825/16419/226421/66734/15015/73710/73683/271457/57743/13057/16410/666468/22151/66212/20390","Positive NES",20,"STm vs NT"
"mmu05235","PD-L1 expression and PD-1 checkpoint pathway in cancer",64,0.536964711989462,1.73460107612332,0.00235312211217818,0.0117299571955548,0.00818150909816336,1421,"tags=23%, list=13%, signal=20%","24088/18035/60533/18037/15979/19094/18018/18033/13649/19697/15980/17874/16476/29857/106759","Positive NES",15,"STm vs NT"
"mmu04820","Cytoskeleton in muscle cells",86,0.500472954807754,1.69545579979532,0.00232939465444021,0.0117299571955548,0.00818150909816336,2269,"tags=44%, list=21%, signal=35%","107765/16420/16398/21825/11459/16419/212073/22793/20971/30794/20743/67399/74122/13007/14199/22379/12340/223697/208846/14200/22003/16410/213019/326618/16905/11461/56376/109620/11931/21956/13726/18810/13506/15530/71409/16480/22330/13405","Positive NES",38,"STm vs NT"
"mmu04926","Relaxin signaling pathway",73,0.519442310724096,1.72148909585321,0.00245445558232641,0.0120524759191849,0.00840646216727662,1873,"tags=30%, list=18%, signal=25%","18126/13614/18035/19094/18033/13649/19697/14676/109689/20779/11909/11515/16476/29857/216869/14706/12913/21812/14710/14677/14707/74769","Positive NES",22,"STm vs NT"
"mmu04510","Focal adhesion",121,0.45955693022734,1.62117662854766,0.00299387003870891,0.0144850476872828,0.0101031527622065,2736,"tags=37%, list=26%, signal=28%","16774/16420/14254/16398/21825/16419/12389/22793/11796/18591/107589/13649/18752/16780/16782/17295/286940/16410/20779/16476/215449/11797/12390/11461/232906/12928/12387/192176/16776/74769/54635/14083/18479/13730/22330/12927/18720/109711/170758/226519/18708/18481/67268/19877/13367","Positive NES",45,"STm vs NT"
"mmu05143","African trypanosomiasis",14,0.747609006754449,1.81551031557285,0.00346097526527137,0.0165023313373084,0.0115101847113525,639,"tags=43%, list=6%, signal=40%","22329/21926/16173/14102/18752/15894","Positive NES",6,"STm vs NT"
"mmu04630","JAK-STAT signaling pathway",79,0.500875344371959,1.67900841025559,0.00353733837479315,0.0166254903615278,0.0115960867023294,2266,"tags=37%, list=21%, signal=29%","12981/12703/16878/16168/15979/18414/12700/15976/18712/18591/13649/13857/242700/14199/57914/16190/15980/16155/229615/12575/16195/213208/74769/16452/192157/328572/20851/216233/20850","Positive NES",29,"STm vs NT"
"mmu04151","PI3K-Akt signaling pathway",184,0.422183505882365,1.55462971368196,0.00404944207922885,0.0187643161136097,0.0130878928579969,1154,"tags=16%, list=11%, signal=15%","24088/16774/12977/16420/14254/16398/21825/18414/72930/16419/15976/12125/18033/18591/13649/13857/16780/83490/56484/20393/67168/16782/74747/17295/19697/16190/14924/16410/98432/13867","Positive NES",30,"STm vs NT"
"mmu05222","Small cell lung cancer",73,0.497994373730664,1.65040826762559,0.00522620129442401,0.0238808364703542,0.0166566064646847,1873,"tags=32%, list=18%, signal=26%","18126/16774/18035/16398/19225/22031/11796/18033/22642/22033/16780/11783/16782/22030/19697/16410/11797/27015/66197/22059/12575/16776/74769","Positive NES",23,"STm vs NT"
"mmu05414","Dilated cardiomyopathy",34,0.602362764408302,1.74845153966707,0.00659631565956048,0.0297286007122657,0.0207353542002046,1472,"tags=35%, list=14%, signal=31%","21926/16420/16398/21808/16419/12297/22003/16410/11515/326618/16905/11461","Positive NES",12,"STm vs NT"
"mmu04148","Efferocytosis",103,0.454248649554099,1.58216534388052,0.00679556572510532,0.029809881647462,0.0207920467097959,1290,"tags=23%, list=12%, signal=21%","20312/19225/21825/70686/12362/19094/16419/226421/19329/18018/18218/13857/18442/16423/22174/20393/12323/271457/19219/16410/319520/235584/240672/29857","Positive NES",24,"STm vs NT"
"mmu03040","Spliceosome",137,-0.319597907314384,-1.43987676098652,0.00677182322273748,0.029809881647462,0.0207920467097959,3696,"tags=45%, list=35%, signal=30%","66921/15382/192159/14105/56070/68183/233908/217207/67958/108014/66125/20639/20227/69192/28000/66094/78651/108121/192160/53817/66055/20222/53607/68011/54633/68816/67039/22668/67465/107701/75062/66101/21681/56194/66618/67229/386612/68988/76938/66492/56215/27967/192170/28035/66441/60321/57905/20641/209003/20382/22185/57317/56031/19655/67678/107829/67439/433702/15481/66585/66373/193740","Negative NES",62,"STm vs NT"
"mmu04517","IgSF CAM signaling",154,0.411366815184188,1.50000330044998,0.00692331334621038,0.0299706590908318,0.0209041871118264,2720,"tags=40%, list=26%, signal=30%","19094/71566/76787/20273/20743/234779/270152/107589/13821/18752/15894/73710/117600/18845/140721/14270/52118/17698/18844/19294/14924/16456/53321/18186/22151/20779/13448/215449/252966/21873/29857/56458/16728/11461/20411/12387/74769/192786/12488/21872/13052/17973/14083/18479/223435/22330/12927/58220/109711/211401/111173/170643/17886/11845/29875/17356/216856/18708/18803/18481/74117/67268","Positive NES",62,"STm vs NT"
"mmu01230","Biosynthesis of amino acids",54,-0.412370699866264,-1.58821316711317,0.0074202183140874,0.0317045691601916,0.0221135692750657,1340,"tags=30%, list=13%, signal=26%","66194/209027/67834/56454/11428/14718/108645/18641/13806/20425/108037/328099/19139/109652/12036/257635","Negative NES",16,"STm vs NT"
"mmu04519","Cadherin signaling",183,0.395923137722812,1.45557436733155,0.00758296409783401,0.0319845536947101,0.0223088552405913,2726,"tags=38%, list=26%, signal=29%","75723/16666/18035/16665/22417/19094/223917/16687/18033/13649/16661/21414/20266/56332/208846/12554/17295/19697/57265/22422/353499/21678/29857/22409/17912/11461/109620/16671/22629/97064/208117/232906/50523/12388/12387/14367/71602/68473/14107/21872/54630/13506/17913/328572/21676/217353/16475/14083/26397/94179/16480/22330/211652/14368/19229/229658/330177/16669/109711/65970/16150/170758/216643/18772/17356/20776/59079/74117/13511/19877","Positive NES",70,"STm vs NT"
"mmu04920","Adipocytokine signaling pathway",46,0.539616484343092,1.65689496342028,0.00778384051892257,0.0324162472243737,0.0226099564706878,1021,"tags=20%, list=10%, signal=18%","21926/18035/94180/18037/21938/18033/19079/22030/19697","Positive NES",9,"STm vs NT"
"mmu05330","Allograft rejection",10,0.754375917999707,1.69183309047762,0.00795261181813728,0.0327051161020896,0.0228114391625517,605,"tags=30%, list=6%, signal=28%","21926/14102/15015","Positive NES",3,"STm vs NT"
"mmu04932","Non-alcoholic fatty liver disease",128,0.421173292713621,1.50377017395463,0.00851820181314582,0.0341766877624997,0.0238378433281873,1290,"tags=11%, list=12%, signal=10%","16175/21926/18770/19094/12125/18033/14102/12122/19079/22030/13666/19697/16476/29857","Positive NES",14,"STm vs NT"
"mmu05163","Human cytomegalovirus infection",154,0.406634737532606,1.48274830604266,0.00843383760236303,0.0341766877624997,0.0238378433281873,1947,"tags=27%, list=18%, signal=23%","20303/21926/18035/20312/19225/19094/18018/213498/18033/213233/14102/13649/18752/22033/15015/12122/20304/22030/16177/19697/19219/72512/16410/20779/11909/11515/29857/14706/12913/16155/21356/22059/14710/14677/12928/12575/12387/14707/20683/74769/75547/12370","Positive NES",42,"STm vs NT"
"mmu04930","Type II diabetes mellitus",26,0.607953084313586,1.67599018799567,0.00874736263904538,0.0346732808222401,0.0241842112277983,156,"tags=15%, list=1%, signal=15%","21926/12703/12286/18770","Positive NES",4,"STm vs NT"
"mmu00270","Cysteine and methionine metabolism",36,-0.451577957808484,-1.57320955491591,0.0092588070461792,0.0362636609308685,0.0252934829081086,2829,"tags=53%, list=27%, signal=39%","236539/269378/17449/14719/14630/66902/52637/238505/70266/104923/14718/108645/14629/67870/13433/20603/20810/12036/257635","Negative NES",19,"STm vs NT"
"mmu04672","Intestinal immune network for IgA production",10,0.74375071528463,1.66800402976997,0.0101156810232731,0.0391536359606687,0.0273092069730468,966,"tags=40%, list=9%, signal=36%","18703/16168/50723/20300","Positive NES",4,"STm vs NT"
"mmu05165","Human papillomavirus infection",214,0.380618527652799,1.41913997158095,0.0115268842277592,0.0440970338480556,0.0307571696652571,1459,"tags=16%, list=14%, signal=14%","16774/21926/56489/16420/16398/19225/16362/22417/17857/21825/72930/16419/22031/15976/17858/18033/14102/13649/16780/15015/21414/16782/19697/57265/19219/22422/14924/16410/22409/18128/103806/56458/106759/12913","Positive NES",34,"STm vs NT"
"mmu04722","Neurotrophin signaling pathway",93,0.456273476617481,1.57267300753373,0.0126676551576364,0.0479041212283031,0.033412568957831,1873,"tags=25%, list=18%, signal=21%","18035/18037/14388/19094/192656/73086/108960/18033/234779/23939/56484/12323/19697/18753/16476/215449/29857/22059/65020/12928/26406/17164/74769","Positive NES",23,"STm vs NT"
"mmu01210","2-Oxocarboxylic acid metabolism",23,-0.548955403123548,-1.75596440469589,0.0130681963865458,0.0488572342178815,0.0340773542137199,3044,"tags=57%, list=29%, signal=40%","269951/235339/68263/14719/18293/15926/67834/11428/14718/12040/109652/12036/13171","Negative NES",13,"STm vs NT"
"mmu04210","Apoptosis",106,0.452983668388836,1.58645148068543,0.0133004348587675,0.0491667760509494,0.0342932560521739,1566,"tags=25%, list=15%, signal=21%","21926/22035/18035/12364/170770/229445/12125/11796/18033/14102/11783/12122/328417/22030/13666/19697/58801/12633/16476/69601/13032/11797/19249/16905/11461/22059","Positive NES",26,"STm vs NT"
"mmu04610","Complement and coagulation cascades",16,0.668385488919018,1.66744163623878,0.0157919410370253,0.0574252046350646,0.0400534142071479,2089,"tags=69%, list=20%, signal=55%","12266/18792/18791/14066/19124/12628/19123/12759/18787/14062/12946","Positive NES",11,"STm vs NT"
"mmu05202","Transcriptional misregulation in cancer",113,0.421090188387992,1.48235241833501,0.015883567239486,0.0574252046350646,0.0400534142071479,2424,"tags=35%, list=23%, signal=27%","12981/80859/12475/14254/19696/18792/18791/16178/11796/56312/97114/18510/18033/22642/319149/17355/12053/17295/19697/11797/72949/56458/27015/22059/12575/20683/50528/20474/14083/18854/212980/12608/16480/17246/108829/20466/20732/18514/13714","Positive NES",39,"STm vs NT"
"mmu00062","Fatty acid elongation",22,-0.53615876619807,-1.68920903420418,0.0168317656367767,0.0601918575489081,0.0419831225265141,3167,"tags=59%, list=30%, signal=42%","26922/70025/15107/231086/68801/57874/54325/52538/56348/72852/54397/171210/170439","Negative NES",13,"STm vs NT"
"mmu04979","Cholesterol metabolism",24,-0.520603606174662,-1.67685730765158,0.018029134779326,0.0637804875526695,0.044486150332689,1701,"tags=29%, list=16%, signal=25%","11816/16976/20652/320024/16835/11806/100102","Negative NES",7,"STm vs NT"
"mmu00020","Citrate cycle (TCA cycle)",27,-0.486785606548441,-1.61444064819063,0.0187224967624653,0.0655287386686284,0.0457055352096017,3925,"tags=56%, list=37%, signal=35%","66925/74551/20917/78920/269951/235339/68263/17449/14194/67680/18293/15926/67834/11428/104112","Negative NES",15,"STm vs NT"
"mmu03020","RNA polymerase",32,-0.462808773104287,-1.5801656774495,0.0197943125495634,0.0685508297769091,0.0478134087069787,4066,"tags=72%, list=38%, signal=45%","69870/67710/74414/218832/66491/28015/67005/69833/66136/69241/69920/67486/20021/20019/78929/66420/231329/17749/245841/20017/70408/26939/70333","Negative NES",23,"STm vs NT"
"mmu05322","Systemic lupus erythematosus",34,0.542407590875733,1.57442233057909,0.0218805711581948,0.0749865407400636,0.0523022424614745,1896,"tags=32%, list=18%, signal=27%","21926/12266/20821/97114/78303/319149/319179/319162/319158/319164/319166","Positive NES",11,"STm vs NT"
"mmu04658","Th1 and Th2 cell differentiation",47,0.509442263619846,1.57615838998334,0.0245422400767797,0.0832412060336138,0.0580597757649266,1409,"tags=28%, list=13%, signal=24%","18035/18037/15979/19094/18018/18033/19697/16190/15980/16476/29857/18128/103806","Positive NES",13,"STm vs NT"
"mmu03010","Ribosome",170,-0.281234560558598,-1.30752871258075,0.0248772412476127,0.0835164527598426,0.0582517571641199,2840,"tags=35%, list=27%, signal=26%","67707/270106/216767/65111/68735/56280/66419/50529/66493/69956/118451/100503670/60441/68537/66489/121022/27395/69527/18100/20104/66407/79044/64658/99045/67270/66121/64660/232536/64655/14548/94065/94063/66223/27397/66163/24030/67212/52443/94062/66242/102060/66448/67840/66258/66292/56282/107734/74600/77721/67681/225215/107733/64657/56284/94061/75398/28028/218506/100042335","Negative NES",59,"STm vs NT"
"mmu05412","Arrhythmogenic right ventricular cardiomyopathy",32,0.530889252038453,1.53058601430407,0.026004786360425,0.0864199465917155,0.0602769104367109,2269,"tags=44%, list=21%, signal=35%","16420/16398/16419/12297/21414/16410/16905/11461/109620/12387/13726/13506/16480/13405","Positive NES",14,"STm vs NT"
"mmu04662","B cell receptor signaling pathway",48,0.500942867362043,1.54805781169238,0.028111899936958,0.0924881507925919,0.0645094124869142,1254,"tags=23%, list=12%, signal=20%","18035/18037/17060/18018/18033/234779/26377/83490/19697/12042/16476","Positive NES",11,"STm vs NT"
"mmu04659","Th17 cell differentiation",59,0.471544346301756,1.50249448640266,0.0300284230608442,0.0977939384144046,0.0682101378158381,1464,"tags=24%, list=14%, signal=21%","18035/18037/15979/19094/18018/18033/16177/19697/16190/15980/17127/16476/29857/21812","Positive NES",14,"STm vs NT"
"mmu01200","Carbon metabolism",88,-0.331777782530824,-1.42317282199541,0.0303190933685996,0.0977939384144046,0.0682101378158381,3044,"tags=40%, list=29%, signal=29%","269951/235339/18642/100678/236539/68263/17449/14194/72141/14719/68133/67680/19895/18293/107029/14381/15926/17850/110446/14661/67834/11428/14718/18641/13806/110460/20425/108037/328099/60525/19139/110821/227095/257635/68738","Negative NES",35,"STm vs NT"
"mmu04020","Calcium signaling pathway",89,0.42385277077508,1.44291122920609,0.0313676286072773,0.100193687493148,0.0698839349656254,1375,"tags=22%, list=13%, signal=20%","18126/14254/12286/18018/269717/234779/18591/107589/13649/18752/12494/19882/11548/14810/12323/17295/14676/13867/11515/320404","Positive NES",20,"STm vs NT"
"mmu05022","Pathways of neurodegeneration - multiple diseases",342,0.332976577140905,1.28417522359876,0.0372670807453416,0.117892976588629,0.0822289838308145,1351,"tags=11%, list=13%, signal=9%","16175/18126/21926/12977/19225/12569/21938/22417/19094/12364/66734/20743/18033/14102/18752/18412/11783/227058/12122/73710/71648/14810/22030/12323/271457/13666/19697/57265/22422/52335/74153/17762/22151/29857/22409/14775","Positive NES",36,"STm vs NT"
"mmu00630","Glyoxylate and dicarboxylate metabolism",22,-0.502512857188747,-1.58320503493065,0.0384524117033624,0.120484223337202,0.0840363483842908,1711,"tags=41%, list=16%, signal=34%","17850/110446/11428/110460/20425/108037/60525/110821/68738","Negative NES",9,"STm vs NT"
"mmu04066","HIF-1 signaling pathway",81,0.433985831234325,1.46188386527283,0.0404189650131319,0.125451315936985,0.0875008378635824,1085,"tags=16%, list=10%, signal=15%","18126/13614/14254/15979/18033/234779/13649/18752/170768/12323/15368/19697/15980","Positive NES",13,"STm vs NT"
"mmu05170","Human immunodeficiency virus 1 infection",159,0.386349092140674,1.40960281336672,0.0426324120468835,0.13108470620023,0.0914300622353232,2145,"tags=23%, list=20%, signal=18%","24088/21926/18035/21938/19094/18018/18033/213233/234779/14102/18752/22033/15015/12122/22030/19697/80287/72512/17874/16476/29857/14706/76681/21356/319236/14710/14677/12928/14707/74769/12370/268697/21898/14083/26397/18479","Positive NES",36,"STm vs NT"
"mmu04664","Fc epsilon RI signaling pathway",41,0.497920171992014,1.49304758451191,0.0437853107344633,0.132883272748255,0.0926845415425356,642,"tags=12%, list=6%, signal=12%","21926/12981/19094/234779/14389","Positive NES",5,"STm vs NT"
"mmu04024","cAMP signaling pathway",84,0.409679286526291,1.38733516161252,0.0440251572327044,0.132883272748255,0.0926845415425356,2268,"tags=29%, list=21%, signal=23%","13614/18035/18018/18033/233079/80911/14810/12323/19697/11515/16476/215449/12913/18806/109305/14677/11931/223864/74769/14062/328572/18479/54393/238871","Positive NES",24,"STm vs NT"
"mmu05150","Staphylococcus aureus infection",14,0.653131380418931,1.58607874953595,0.0463258785942492,0.138556491431891,0.0966415457755629,639,"tags=36%, list=6%, signal=34%","16666/12266/16665/16661/15894","Positive NES",5,"STm vs NT"
"mmu00260","Glycine, serine and threonine metabolism",19,-0.530837314020018,-1.56810042446965,0.0478005601996398,0.141679137889022,0.098819555462508,3055,"tags=58%, list=29%, signal=41%","76238/100678/236539/68133/192166/237940/20425/108037/27364/14431/257635","Negative NES",11,"STm vs NT"
"mmu04215","Apoptosis - multiple species",27,0.538804810083729,1.49816744697621,0.0504451038575668,0.148182492581602,0.103355569933736,1444,"tags=30%, list=14%, signal=26%","170770/12125/11796/11783/12122/58801/11797/51800","Positive NES",8,"STm vs NT"
"mmu04390","Hippo signaling pathway",107,0.389746521684321,1.36377722140449,0.0549581839904421,0.160010995865977,0.1116058137859,2275,"tags=31%, list=21%, signal=25%","22417/21808/72930/170770/11796/12159/15901/21414/27494/12161/17131/57265/22422/319710/21678/17127/22409/11797/21812/11461/22629/97064/50523/12387/14367/18787/68473/21676/16475/56289/211652/14368/58220","Positive NES",33,"STm vs NT"
"mmu00240","Pyrimidine metabolism",40,-0.395265087640069,-1.41381117453071,0.0587862727010202,0.169655120338909,0.118332478751823,2282,"tags=35%, list=21%, signal=28%","171567/320685/50773/66401/13178/18605/110074/69719/80914/12497/22247/22171/20135/56749","Negative NES",14,"STm vs NT"
"mmu05135","Yersinia infection",101,0.391402449701907,1.36071500782322,0.0607533414337789,0.172403518145576,0.120249454345658,2726,"tags=37%, list=26%, signal=28%","21926/18035/12362/19094/18018/18033/16173/268973/22030/19697/17874/20779/16476/29857/106759/11461/140579/12928/74769/21898/14083/26397/56212/12927/19229/54126/18720/110596/68524/16150/170758/11845/18708/18803/74117/140580/19877","Positive NES",37,"STm vs NT"
"mmu04530","Tight junction",118,0.383893555013269,1.35357860068779,0.0607866507747318,0.172403518145576,0.120249454345658,2726,"tags=32%, list=26%, signal=24%","75723/54420/12740/72930/71908/231830/70737/18260/27375/104027/27494/19079/56332/17698/14924/16456/16800/20779/16476/21873/12739/11461/83814/74094/68178/192786/21872/218518/64945/235442/58220/109711/17886/17356/434204/74117/67268/19877","Positive NES",38,"STm vs NT"
"mmu03440","Homologous recombination",38,-0.393029581667718,-1.3765648334584,0.0665297616703442,0.187045725477644,0.130462224137343,1009,"tags=21%, list=9%, signal=19%","21975/27354/71711/19891/68275/18972/12190/74335","Negative NES",8,"STm vs NT"
"mmu04110","Cell cycle",149,-0.260066990231981,-1.21089003531606,0.0670863088339272,0.187045725477644,0.130462224137343,2770,"tags=34%, list=26%, signal=26%","17222/13559/59008/12443/19090/27401/22628/56317/69716/18392/13006/18393/12237/17219/67849/21770/11920/66591/74549/17869/12566/104394/67177/69957/320209/17215/56150/50793/12578/17217/17216/12447/17218/12445/12649/15182/12567/75430/26429/100710/17220/17120/12530/13557/21781/12545/56452/12444/242705/13555/23834","Negative NES",51,"STm vs NT"
"mmu04080","Neuroactive ligand-receptor interaction",32,0.502320484762494,1.44822052004968,0.0683139534883721,0.187294089147287,0.130635454916361,1236,"tags=38%, list=12%, signal=33%","13614/12266/18442/70155/223780/21833/11548/14810/67168/57277/19219/11443","Positive NES",12,"STm vs NT"
"mmu04068","FoxO signaling pathway",101,0.386387432564838,1.343280244479,0.0680437424058323,0.187294089147287,0.130635454916361,1465,"tags=20%, list=14%, signal=17%","22035/67731/329934/21808/19094/12125/13649/20620/26558/19079/56484/20393/73251/12053/12581/17127/29857/56458/21812/12452","Positive NES",20,"STm vs NT"
"mmu04392","Hippo signaling pathway - multiple species",22,0.551463251964548,1.46011786675873,0.0712074303405573,0.192026594934782,0.133936322814853,2382,"tags=55%, list=22%, signal=42%","319710/21678/213391/97064/50523/68473/21676/16475/18479/56289/211652/73246","Positive NES",12,"STm vs NT"
"mmu00514","Other types of O-glycan biosynthesis",27,-0.419886476762873,-1.39256746007357,0.0710477817727981,0.192026594934782,0.133936322814853,1809,"tags=56%, list=17%, signal=46%","14423/108155/224143/14426/108150/59048/230145/268880/14425/140484/217734/381694/19719/231050/20441","Negative NES",15,"STm vs NT"
"mmu04916","Melanogenesis",50,0.453664400357168,1.40993797978032,0.0719225449515906,0.192378189342059,0.134181555836087,2025,"tags=28%, list=19%, signal=23%","13614/22417/18752/21414/12323/57265/22422/11515/22409/12913/14677/12387/14367/328572","Positive NES",14,"STm vs NT"
"mmu04917","Prolactin signaling pathway",50,0.452685706097796,1.40689630799432,0.0746887966804979,0.198166242805515,0.138218655996168,2266,"tags=34%, list=21%, signal=27%","12703/21934/16362/19094/12700/18033/56484/19697/20779/13982/29857/74769/16452/192157/20851/216233/20850","Positive NES",17,"STm vs NT"
"mmu04261","Adrenergic signaling in cardiomyocytes",70,0.405553802973113,1.33656648482259,0.0790513833992095,0.208063241106719,0.145121697524444,1809,"tags=24%, list=17%, signal=20%","19094/72930/73086/12297/20266/11548/12323/22003/11909/11515/326618/29857/12913/14677/11931/223864/21956","Positive NES",17,"STm vs NT"
"mmu04360","Axon guidance",117,0.37246544712382,1.3116855752783,0.0822407628128725,0.214739769566945,0.14977849869011,2726,"tags=34%, list=26%, signal=26%","223881/231148/22417/20352/234779/231637/22063/117600/18845/57764/12323/14270/226251/17295/18844/18186/20779/20353/235611/16728/13643/14677/50780/74769/20361/13835/237860/17973/14083/18479/13641/58220/16886/140570/170758/18708/18803/18481/67268/19877","Positive NES",40,"STm vs NT"
"mmu04270","Vascular smooth muscle contraction",56,0.429861479413586,1.34901699480216,0.0891364902506964,0.228493223437612,0.159371373250358,1328,"tags=21%, list=12%, signal=19%","13614/213498/107589/18752/109624/223780/11548/18755/18753/11515/51801/18778","Positive NES",12,"STm vs NT"
"mmu04350","TGF-beta signaling pathway",70,0.403068758142388,1.32837662786728,0.0895915678524374,0.228493223437612,0.159371373250358,2025,"tags=27%, list=19%, signal=22%","21926/21808/21825/17965/12159/15901/20482/12161/14313/17131/11481/17127/68777/21812/230597/20683/15903/20481/328572","Positive NES",19,"STm vs NT"
"mmu00190","Oxidative phosphorylation",113,-0.277289365140412,-1.22885626974522,0.0889174576256202,0.228493223437612,0.159371373250358,4659,"tags=50%, list=44%, signal=29%","114143/17716/66377/102631912/66594/11975/17995/66052/12868/66495/78330/226646/67184/66576/17719/12857/68342/66335/66925/22273/230075/68202/54411/66414/12865/68375/67003/100041273/100042503/68194/11957/66046/27425/70316/75406/17711/11972/17718/66445/67895/67273/76252/68349/17992/67680/66916/11951/70383/17722/11966/13063/226139/227197/72900/140494/27060/110935","Negative NES",57,"STm vs NT"
"mmu00280","Valine, leucine and isoleucine degradation",39,-0.368554418405258,-1.30199360020551,0.0958904109589041,0.242676501580611,0.169264045255393,860,"tags=31%, list=8%, signal=28%","52538/58875/17850/110446/110460/12040/208715/78894/110821/227095/12036/13171","Negative NES",12,"STm vs NT"
"mmu04975","Fat digestion and absorption",18,-0.458068942636034,-1.33605904141689,0.103825136612022,0.260751678972177,0.181871271847495,2461,"tags=72%, list=23%, signal=56%","13350/50784/20778/66350/14719/26569/110446/18784/55979/110460/19012/17777/11806","Negative NES",13,"STm vs NT"
"mmu05217","Basal cell carcinoma",32,0.473756164463638,1.36586784670084,0.111918604651163,0.278948643410853,0.194563443492452,1835,"tags=34%, list=17%, signal=29%","22417/12159/21414/57265/22422/22409/27015/22059/12575/12387/14367","Positive NES",11,"STm vs NT"
"mmu05206","MicroRNAs in cancer",130,0.356081405202562,1.27557007562479,0.114982578397213,0.284430588666789,0.198387036728076,2025,"tags=28%, list=19%, signal=23%","12703/19225/171543/18792/21808/21825/73086/12125/18712/22762/18033/234779/18591/13649/18752/20677/23939/18669/74747/15368/17295/22003/71819/13867/18128/22059/12928/12575/15184/216456/20724/74769/17118/13078/18129/18671/328572","Positive NES",37,"STm vs NT"
"mmu00670","One carbon pool by folate",25,-0.406291049321218,-1.32828666520996,0.117142857142857,0.287611940298508,0.200605992593424,2314,"tags=48%, list=22%, signal=38%","108147/269378/68133/192166/108156/238505/108645/13361/20425/108037/22171/14450","Negative NES",12,"STm vs NT"
"mmu05032","Morphine addiction",27,0.487880597363148,1.35657071967712,0.120178041543027,0.290724821085704,0.202777190838853,2972,"tags=52%, list=28%, signal=37%","12286/18752/109689/11515/216869/14706/14710/14677/14707/54393/238871/216643/14773/18583","Positive NES",14,"STm vs NT"
"mmu04921","Oxytocin signaling pathway",77,0.380072746700831,1.27208229101976,0.119537275064267,0.290724821085704,0.202777190838853,1735,"tags=21%, list=16%, signal=18%","19225/12297/18018/107589/13649/18752/12494/23939/19079/12323/20779/11515/16476/11461/14677/12575","Positive NES",16,"STm vs NT"
"mmu04710","Circadian rhythm",27,-0.389160504603877,-1.29066375186744,0.121951219512195,0.292860957806658,0.204267121426497,1618,"tags=30%, list=15%, signal=25%","19082/19885/12953/18626/353187/12952/18627/13170","Negative NES",8,"STm vs NT"
"mmu00520","Amino sugar and nucleotide sugar metabolism",30,-0.379408866147571,-1.28932700328378,0.123839009287926,0.295239377215417,0.205926041378854,3375,"tags=57%, list=32%, signal=39%","234730/50798/14583/54342/15211/69976/54128/69080/14635/107652/109785/72157/110119/67980/14430/67883/74246","Negative NES",17,"STm vs NT"
"mmu05100","Bacterial invasion of epithelial cells",60,0.402056692850047,1.28406550341137,0.12483039348711,0.295461866598987,0.20608122514343,3484,"tags=50%, list=33%, signal=34%","14388/12389/17295/20779/622434/12390/11461/12402/140579/12928/12387/74769/12488/14083/56212/22330/12927/18708/74117/140580/12550/73178/52398/67771/56378/19303/12540/20362/76709/13430","Positive NES",30,"STm vs NT"
"mmu05010","Alzheimer disease",288,0.311096811205283,1.18483919158455,0.127388535031847,0.299363057324841,0.20880226042814,1063,"tags=7%, list=10%, signal=6%","16175/18126/21926/12977/19225/12569/22417/12364/18033/14102/11783/12122/73710/14810/22030/13666/19697/57265/11785/22422","Positive NES",20,"STm vs NT"
"mmu00860","Porphyrin metabolism",25,-0.394474768592062,-1.28965571788504,0.14,0.326666666666667,0.227846211272863,2389,"tags=40%, list=22%, signal=31%","14297/77697/107508/70383/226139/15369/22276/243085/14151/100727","Negative NES",10,"STm vs NT"
"mmu05230","Central carbon metabolism in cancer",48,-0.338618947659948,-1.26477637974057,0.142857142857143,0.327726548269581,0.228585466398236,3361,"tags=50%, list=32%, signal=34%","11651/11652/15461/269951/18642/20525/19211/68263/18710/20539/18211/14381/15926/17869/26395/26396/64384/18641/14660/56717/18709/100126824/20514/14184","Negative NES",24,"STm vs NT"
"mmu05166","Human T-cell leukemia virus 1 infection",168,0.332559628151266,1.21683069232736,0.142697881828317,0.327726548269581,0.228585466398236,1254,"tags=14%, list=12%, signal=13%","21926/12981/18035/16168/19698/21808/16178/18034/18018/18033/66440/15015/15894/16177/105988/19697/17701/18186/107995/13654/17127/11909/11515/16476","Positive NES",24,"STm vs NT"
"mmu03018","RNA degradation",68,-0.296808612991517,-1.20237693646669,0.14344262295082,0.327726548269581,0.228585466398236,2218,"tags=31%, list=21%, signal=25%","78893/214627/24128/213550/69639/72198/218343/210106/57316/353190/50911/15510/71701/18641/13806/66362/74108/67678/58184/72662/66373","Negative NES",21,"STm vs NT"
"mmu05030","Cocaine addiction",20,0.494491451861946,1.28178314474181,0.156299840510367,0.35463894846835,0.247356553402976,1618,"tags=40%, list=15%, signal=34%","12569/18033/14810/19697/11909/16476/12913/14677","Positive NES",8,"STm vs NT"
"mmu01250","Biosynthesis of nucleotide sugars",32,-0.356048709382866,-1.21565532626629,0.168789808917197,0.380355117354507,0.265293282941233,3375,"tags=50%, list=32%, signal=34%","234730/50798/14583/54342/69976/54128/69080/14635/107652/109785/72157/110119/12764/14430/67883/74246","Negative NES",16,"STm vs NT"
"mmu04931","Insulin resistance",72,0.367324132338512,1.21734277459464,0.177777777777778,0.397883597883598,0.277519194812428,1459,"tags=15%, list=14%, signal=13%","21926/18035/18033/228775/19309/19079/26457/19697/18753/56458/12913","Positive NES",11,"STm vs NT"
"mmu03272","Virion - Hepatitis viruses",29,0.444784142026857,1.25645761097771,0.180206794682422,0.400594834125115,0.279410250645577,504,"tags=17%, list=5%, signal=16%","54420/12740/71908/18260/13649","Positive NES",5,"STm vs NT"
"mmu04015","Rap1 signaling pathway",116,0.340434328408433,1.19630928330557,0.181818181818182,0.401464307504576,0.280016698243473,2662,"tags=34%, list=25%, signal=26%","12977/14254/21825/19094/54354/18591/13649/18752/15901/14810/17295/14924/20779/11515/215449/29857/238130/19730/11461/14677/75292/12388/12928/12387/223864/74206/74769/192786/14062/54635/26397/12927/58220/101540/64143/170758/17356/18708/18803","Positive NES",39,"STm vs NT"
"mmu00513","Various types of N-glycan biosynthesis",40,-0.336098361713639,-1.20217958628542,0.183391003460208,0.402237600922722,0.280556061433862,1150,"tags=18%, list=11%, signal=16%","238023/53618/208211/230815/20441/330671/67569","Negative NES",7,"STm vs NT"
"mmu04014","Ras signaling pathway",132,0.331598804326809,1.19155458982879,0.184971098265896,0.403016498870727,0.281099333718824,1507,"tags=17%, list=14%, signal=15%","12977/14254/19696/14388/16706/85031/54354/18033/234779/18591/13649/18752/14389/14810/271457/17295/19697/215449/18778/19730/14256/14706/18806","Positive NES",23,"STm vs NT"
"mmu03410","Base excision repair",42,-0.337600819474726,-1.22496558569721,0.186206896551724,0.403039927404719,0.281115674849556,2210,"tags=36%, list=21%, signal=28%","11545/11546/56626/18975/66979/234258/19718/26430/11792/72151/18974/104884/18973/18972/22256","Negative NES",15,"STm vs NT"
"mmu00565","Ether lipid metabolism",27,0.446404637181801,1.24124522106822,0.189910979228487,0.403101368814014,0.281158529519933,1507,"tags=26%, list=14%, signal=22%","67893/18606/53897/99010/68616/18778/18806","Positive NES",7,"STm vs NT"
"mmu04520","Adherens junction",69,0.369140135120584,1.21753593713482,0.189473684210526,0.403101368814014,0.281158529519933,3495,"tags=48%, list=33%, signal=32%","13649/21414/77446/17295/19294/20779/17127/214137/215449/21812/11461/56426/20411/12388/12387/21872/328572/22330/109711/170758/29875/17356/67268/19877/22612/12550/73178/380928/19271/12540/108100/93742/75788","Positive NES",33,"STm vs NT"
"mmu04814","Motor proteins",108,0.340933092246504,1.19387997574439,0.188319427890346,0.403101368814014,0.281158529519933,2002,"tags=25%, list=19%, signal=21%","217328/11459/242584/75665/270163/227058/16565/360013/73710/12340/22003/71819/16571/17909/22151/16561/326618/73804/17912/11461/16554/105000/21956/71602/100502766/16553/17913","Positive NES",27,"STm vs NT"
"mmu04611","Platelet activation",66,0.373205077870453,1.22107032962497,0.193333333333333,0.407735042735043,0.284390463337832,1969,"tags=24%, list=18%, signal=20%","16398/19094/234779/107589/20779/11515/215449/29857/22320/11461/109305/14677/19224/232906/74769/14062","Positive NES",16,"STm vs NT"
"mmu00785","Lipoic acid metabolism",13,-0.487197458336731,-1.2822681982002,0.196382428940568,0.410102003195281,0.286041390806499,2992,"tags=62%, list=28%, signal=44%","78920/235339/68263/68133/18293/67164/12040/13171","Negative NES",8,"STm vs NT"
"mmu05221","Acute myeloid leukemia",49,0.396259076008325,1.22728838674653,0.196948682385576,0.410102003195281,0.286041390806499,668,"tags=10%, list=6%, signal=10%","12981/12475/18712/18033/21414","Positive NES",5,"STm vs NT"
"mmu04740","Olfactory transduction",16,-0.443901289857318,-1.2514656401792,0.198924731182796,0.411611550686414,0.287094282673614,1339,"tags=31%, list=13%, signal=27%","18749/18747/19092/19735/258482","Negative NES",5,"STm vs NT"
"mmu04612","Antigen processing and presentation",38,0.420140117686604,1.24597167515129,0.204195804195804,0.414693948027281,0.289244219068781,605,"tags=13%, list=6%, signal=12%","21926/213233/53970/19727/15015","Positive NES",5,"STm vs NT"
"mmu04213","Longevity regulating pathway - multiple species",42,-0.333885102401786,-1.21148331528205,0.203448275862069,0.414693948027281,0.289244219068781,1618,"tags=24%, list=15%, signal=20%","74370/19082/18749/18747/15182/56717/16337/18709/15481/193740","Negative NES",10,"STm vs NT"
"mmu04550","Signaling pathways regulating pluripotency of stem cells",80,0.351325445574018,1.1811067433902,0.203324808184143,0.414693948027281,0.289244219068781,1950,"tags=24%, list=18%, signal=20%","16878/22417/19094/12159/15901/21414/20482/57265/22422/11481/17127/29857/22409/12387/16195/14367/74769/15903/16452","Positive NES",19,"STm vs NT"
"mmu00140","Steroid hormone biosynthesis",12,-0.490047560121742,-1.27844112011926,0.2125,0.426114457831325,0.29720989220038,968,"tags=42%, list=9%, signal=38%","56348/243085/100727/105349/15490","Negative NES",5,"STm vs NT"
"mmu03450","Non-homologous end-joining",12,-0.488369825775489,-1.27406422948368,0.215,0.426114457831325,0.29720989220038,3520,"tags=58%, list=33%, signal=39%","75570/19360/14156/54125/17535/19090/56626","Negative NES",7,"STm vs NT"
"mmu04081","Hormone signaling",59,0.376726929572202,1.20037519058582,0.21195652173913,0.426114457831325,0.29720989220038,2266,"tags=39%, list=21%, signal=31%","53945/13857/21833/11548/14676/16410/20779/11515/51801/13982/14706/14710/72993/14677/223864/14707/74769/20502/16452/14917/11477/20851/20850","Positive NES",23,"STm vs NT"
"mmu01521","EGFR tyrosine kinase inhibitor resistance",59,0.375499559332593,1.19646438764172,0.214673913043478,0.426114457831325,0.29720989220038,1231,"tags=19%, list=12%, signal=17%","211323/14388/12125/234779/18591/13649/18752/56484/17295/13867/20779","Positive NES",11,"STm vs NT"
"mmu04071","Sphingolipid signaling pathway",98,0.33523705257641,1.16429473588869,0.21760391198044,0.428692736775837,0.299008211860926,2726,"tags=28%, list=26%, signal=21%","21926/19094/72930/18033/18752/14389/12122/22030/19697/227102/29857/54447/18806/18201/22059/14677/14739/74769/74442/230379/13033/26932/170758/17250/13244/18708/19877","Positive NES",27,"STm vs NT"
"mmu00220","Arginine biosynthesis",16,0.498945894403376,1.2447355191749,0.220634920634921,0.429520052596976,0.299585255050842,7,"tags=6%, list=0%, signal=6%","18126","Positive NES",1,"STm vs NT"
"mmu05204","Chemical carcinogenesis - DNA adducts",26,0.437673590298029,1.2065678451365,0.220059880239521,0.429520052596976,0.299585255050842,1210,"tags=27%, list=11%, signal=24%","19225/68312/68214/20887/17961/14865/13113","Positive NES",7,"STm vs NT"
"mmu04726","Serotonergic synapse",40,0.404879427845567,1.20815336151871,0.228611500701262,0.442430492533619,0.308590137169506,1843,"tags=30%, list=17%, signal=25%","19225/12286/18752/22063/11688/14706/14710/14677/19224/223864/14707/19252","Positive NES",12,"STm vs NT"
"mmu00512","Mucin type O-glycan biosynthesis",16,0.48920534237945,1.22043546737259,0.23968253968254,0.448042929292929,0.312504746715273,374,"tags=19%, list=4%, signal=18%","20442/20444/218476","Positive NES",3,"STm vs NT"
"mmu04981","Folate transport and metabolism",16,-0.423123071072599,-1.1928867906301,0.236559139784946,0.448042929292929,0.312504746715273,1743,"tags=44%, list=16%, signal=37%","108156/238505/20509/13361/20425/108037/22171","Negative NES",7,"STm vs NT"
"mmu04724","Glutamatergic synapse",46,0.388184345887012,1.191921867179,0.234072022160665,0.448042929292929,0.312504746715273,1814,"tags=33%, list=17%, signal=27%","12286/241638/18752/22063/26558/14810/14645/11515/14706/18806/14710/14677/210274/14707/216456","Positive NES",15,"STm vs NT"
"mmu04115","p53 signaling pathway",68,0.361584946268157,1.19051361391089,0.236147757255937,0.448042929292929,0.312504746715273,2898,"tags=43%, list=27%, signal=31%","21825/170770/14102/11783/12122/333654/58801/29870/382985/12452/22059/98376/20437/12575/20724/18787/12370/64058/268697/140742/21933/17246/57913/22401/75747/23882/17873/50883/17248","Positive NES",29,"STm vs NT"
"mmu04928","Parathyroid hormone synthesis, secretion and action",67,0.359464551696328,1.1796760958181,0.238031914893617,0.448042929292929,0.312504746715273,1907,"tags=28%, list=18%, signal=23%","17391/213498/13649/18752/20393/15200/109689/17388/11909/11515/216869/12913/18227/18806/14677/22337/12575/20683/75547","Positive NES",19,"STm vs NT"
"mmu01040","Biosynthesis of unsaturated fatty acids",23,-0.366011941456751,-1.17077623652981,0.23876404494382,0.448042929292929,0.312504746715273,213,"tags=43%, list=2%, signal=43%","68801/57874/54325/76267/56348/20280/56473/171210/170439/20250","Negative NES",10,"STm vs NT"
"mmu03022","Basal transcription factors",38,-0.327287946565665,-1.14630831538275,0.24390243902439,0.453355381011437,0.316210120174351,3269,"tags=45%, list=31%, signal=31%","21374/270627/14884/228980/209357/66464/68776/70439/13872/72504/209361/14885/235459/14886/226182/108143/225895","Negative NES",17,"STm vs NT"
"mmu04728","Dopaminergic synapse",75,0.34559468002257,1.15146877929631,0.248704663212435,0.459684461780288,0.320624580605032,1813,"tags=20%, list=17%, signal=17%","12286/19094/72930/18752/11865/12323/109689/11909/29857/216869/14706/12913/14710/14677/14707","Positive NES",15,"STm vs NT"
"mmu01523","Antifolate resistance",22,0.436857888255867,1.15667545499095,0.256965944272446,0.472300534444886,0.329424144965558,418,"tags=14%, list=4%, signal=13%","21926/17769/18033","Positive NES",3,"STm vs NT"
"mmu04750","Inflammatory mediator regulation of TRP channels",49,0.377312206888228,1.16860639346441,0.259361997226075,0.474056094929881,0.330648628042598,1290,"tags=24%, list=12%, signal=22%","19094/234779/18752/18442/12323/16177/19219/18755/18753/20779/11515/29857","Positive NES",12,"STm vs NT"
"mmu05020","Prion disease",201,0.297903669074928,1.10522642058417,0.274891774891775,0.499665159886154,0.348510653831968,1459,"tags=9%, list=14%, signal=8%","16175/21926/19094/12389/12364/11783/73710/20304/14810/13057/13666/18753/22151/11909/29857/12390/18128/12913","Positive NES",18,"STm vs NT"
"mmu00053","Ascorbate and aldarate metabolism",10,-0.46031896746399,-1.13612395205901,0.280575539568345,0.507194244604317,0.353762103099475,968,"tags=30%, list=9%, signal=27%","243085/268756/100727","Negative NES",3,"STm vs NT"
"mmu04330","Notch signaling pathway",50,0.365954284437273,1.13734479515082,0.283540802213001,0.50975368266709,0.355547281463528,2035,"tags=30%, list=19%, signal=24%","21887/114606/67122/80904/74198/209200/52335/18128/103806/20602/208117/13017/18129/328572/20238","Positive NES",15,"STm vs NT"
"mmu04971","Gastric acid secretion",34,0.396326236601052,1.15039849662064,0.288184438040346,0.515286304974314,0.359406221354665,1685,"tags=24%, list=16%, signal=20%","16516/107589/18752/12323/11515/11461/14677/11931","Positive NES",8,"STm vs NT"
"mmu04927","Cortisol synthesis and secretion",24,-0.346416314674176,-1.11580235300221,0.308781869688385,0.547640913787166,0.381973185748207,1688,"tags=33%, list=16%, signal=28%","14672/18749/320024/18747/15370/18795/16438/16835","Negative NES",8,"STm vs NT"
"mmu00510","N-Glycan biosynthesis",49,-0.289867434885456,-1.08899875803692,0.309608540925267,0.547640913787166,0.381973185748207,1046,"tags=59%, list=10%, signal=54%","217664/66789/66357/16430/68563/227619/66248/66059/13481/57170/57377/17155/207958/13200/67075/68292/17156/67695/67574/14376/320438/56737/53618/227697/380959/381903/208211/230815/67569","Negative NES",29,"STm vs NT"
"mmu04371","Apelin signaling pathway",81,0.327527209263366,1.10327736114829,0.312101910828025,0.549099083756259,0.382990242389584,1898,"tags=19%, list=18%, signal=15%","18126/18791/66734/107589/19079/17127/11515/14706/21812/14710/14677/67443/15184/14707/18787","Positive NES",15,"STm vs NT"
"mmu02010","ABC transporters",20,0.431187280225156,1.11769088411658,0.317384370015949,0.555422647527911,0.387400854778706,1325,"tags=25%, list=12%, signal=22%","11307/18669/19300/224814/217265","Positive NES",5,"STm vs NT"
"mmu00051","Fructose and mannose metabolism",29,0.393253993951503,1.11089161474177,0.324963072378139,0.563731556401713,0.393196222350259,2559,"tags=38%, list=24%, signal=29%","170768/270198/66065/14187/29858/67861/319801/22122/75540/18640/11676","Positive NES",11,"STm vs NT"
"mmu04012","ErbB signaling pathway",69,0.334974960402555,1.10484884608172,0.326315789473684,0.563731556401713,0.393196222350259,2724,"tags=33%, list=26%, signal=25%","211323/14388/234779/13649/18752/12323/15200/13867/20779/16476/12402/12928/12575/74769/17973/14083/18479/20851/20850/18708/18803/18481/13685","Positive NES",23,"STm vs NT"
"mmu03015","mRNA surveillance pathway",80,-0.252935553836815,-1.06449478791695,0.327272727272727,0.563731556401713,0.393196222350259,3547,"tags=51%, list=33%, signal=34%","60365/19054/269061/18458/70248/233908/77305/51792/71978/19704/226849/54451/432508/237082/74320/76626/18789/192160/53817/19826/94230/67337/74737/21681/21770/18949/68991/56215/192170/66441/228410/67031/68134/56422/51786/68188/108062/68219/216578/433702/24018","Negative NES",41,"STm vs NT"
"mmu05203","Viral carcinogenesis",151,0.29606673000464,1.07767420066581,0.343537414965986,0.588665674603175,0.410587480606278,2440,"tags=25%, list=23%, signal=20%","12266/18035/19696/22031/18034/18033/78303/22033/15015/22030/19697/58801/319179/107995/20779/13654/11909/16476/229906/12913/319158/22059/22629/12575/15184/16195/17164/232232/74769/12370/328572/20807/20851/17246/20850/109711/227753/23894","Positive NES",38,"STm vs NT"
"mmu00830","Retinol metabolism",18,0.430646376709363,1.09822467275933,0.358490566037736,0.611105679929612,0.426239124059048,1210,"tags=28%, list=11%, signal=25%","11529/74134/98711/20148/13113","Positive NES",5,"STm vs NT"
"mmu00071","Fatty acid degradation",33,0.375043355767402,1.08060816681003,0.363372093023256,0.61623411651882,0.429816149099673,766,"tags=12%, list=7%, signal=11%","94180/235674/11529/80911","Positive NES",4,"STm vs NT"
"mmu05340","Primary immunodeficiency",11,0.482242288012664,1.09349347081296,0.375634517766497,0.628290189635683,0.438225120270609,566,"tags=27%, list=5%, signal=26%","17060/53970/19727","Positive NES",3,"STm vs NT"
"mmu03250","Viral life cycle - HIV-1",52,0.3414952543323,1.06312067394584,0.376210235131397,0.628290189635683,0.438225120270609,2853,"tags=33%, list=27%, signal=24%","17857/16543/17858/80287/20922/192657/72949/76681/319236/76895/15239/328572/18519/17755/93736/75608/270058","Positive NES",17,"STm vs NT"
"mmu00620","Pyruvate metabolism",33,-0.30613426825995,-1.04810403586041,0.375796178343949,0.628290189635683,0.438225120270609,3055,"tags=45%, list=29%, signal=33%","76238/235339/68263/17449/14194/11522/107029/109801/110446/52815/110460/107476/60525/100705/68738","Negative NES",15,"STm vs NT"
"mmu01212","Fatty acid metabolism",48,-0.278358565951881,-1.03969769484946,0.382142857142857,0.634974747474747,0.44288752183489,2499,"tags=38%, list=23%, signal=29%","68801/57874/11364/54325/52538/76267/50790/56348/110446/20280/110460/107476/74205/54397/14104/56473/170439/20250","Negative NES",18,"STm vs NT"
"mmu04935","Growth hormone synthesis, secretion and action",73,0.318262119288877,1.05475575760317,0.393700787401575,0.648763065721614,0.452504713893175,2266,"tags=27%, list=21%, signal=22%","12703/19094/234779/18752/16477/11909/11515/29857/12913/14677/12928/74769/16452/328572/14083/26397/20851/12927/216233/20850","Positive NES",20,"STm vs NT"
"mmu04974","Protein digestion and absorption",18,-0.360672037265873,-1.05197949811281,0.396174863387978,0.648763065721614,0.452504713893175,2335,"tags=33%, list=22%, signal=26%","16534/72472/12830/16535/20514/12815","Negative NES",6,"STm vs NT"
"mmu00590","Arachidonic acid metabolism",24,0.389807264357612,1.05175848719186,0.397534668721109,0.648763065721614,0.452504713893175,2363,"tags=42%, list=22%, signal=33%","19225/64292/17001/18778/11688/225791/19224/109857/225845/12409","Positive NES",10,"STm vs NT"
"mmu04966","Collecting duct acid secretion",17,-0.361980367929823,-1.03679664336467,0.398328690807799,0.648763065721614,0.452504713893175,2880,"tags=35%, list=27%, signal=26%","11972/76252/11966/140494/27060/110935","Negative NES",6,"STm vs NT"
"mmu04666","Fc gamma R-mediated phagosome formation",66,0.316830356217416,1.03662080298888,0.410666666666667,0.665563218390805,0.464222625529341,2677,"tags=30%, list=25%, signal=23%","230837/234779/18752/13196/14389/17357/18753/17909/18806/12928/74769/17118/18479/18720/16886/227753/11845/18708/18803/74117","Positive NES",20,"STm vs NT"
"mmu00770","Pantothenate and CoA biosynthesis",13,-0.387944993072745,-1.02104294420263,0.416020671834625,0.670935299184273,0.467969589576617,1566,"tags=38%, list=15%, signal=33%","18605/211347/67618/106564/12036","Negative NES",5,"STm vs NT"
"mmu04146","Peroxisome",67,0.312947631469822,1.02701876539892,0.42686170212766,0.685055568099144,0.477818313375823,2187,"tags=21%, list=21%, signal=17%","18126/235674/22436/80911/67528/19300/16922/23986/103737/14081/18633/17117/72129/74043","Positive NES",14,"STm vs NT"
"mmu00061","Fatty acid biosynthesis",13,-0.383456311596899,-1.00922906174114,0.428940568475452,0.685055568099144,0.477818313375823,640,"tags=31%, list=6%, signal=29%","107476/74205/14104/100705","Negative NES",4,"STm vs NT"
"mmu04976","Bile secretion",26,-0.302025090766429,-0.990759257877025,0.437125748502994,0.694755416702826,0.484583845276647,1339,"tags=27%, list=13%, signal=24%","18749/320024/18747/243085/100727/16835/15357","Negative NES",7,"STm vs NT"
"mmu04980","Cobalamin transport and metabolism",16,-0.359751967549544,-1.01422824547283,0.443548387096774,0.698581763238021,0.487252677606427,2276,"tags=31%, list=21%, signal=25%","77697/238505/17850/210009/54219","Negative NES",5,"STm vs NT"
"mmu05225","Hepatocellular carcinoma",124,0.28620185298554,1.01348742716782,0.44377990430622,0.698581763238021,0.487252677606427,1873,"tags=21%, list=18%, signal=17%","14388/22417/21808/68312/68214/234779/13649/18752/21414/26462/14865/15368/17295/57265/22422/17127/22409/27015/21812/11461/22059/14296/12575/12387/14367/74769","Positive NES",26,"STm vs NT"
"mmu04913","Ovarian steroidogenesis",16,-0.356236856968681,-1.00431829428798,0.448924731182796,0.70331541218638,0.490554342846363,1339,"tags=38%, list=13%, signal=33%","18749/18747/16337/171210/15490/16835","Negative NES",6,"STm vs NT"
"mmu05219","Bladder cancer",34,-0.289186848322266,-0.997313885091956,0.457792207792208,0.710441680960549,0.495524832664853,1917,"tags=35%, list=18%, signal=29%","17869/11836/26395/12578/26396/12567/69635/13557/22339/242705/14184/13555","Negative NES",12,"STm vs NT"
"mmu00030","Pentose phosphate pathway",24,-0.307785425812047,-0.991372772566675,0.456090651558074,0.710441680960549,0.495524832664853,959,"tags=33%, list=9%, signal=30%","19895/14381/72157/18641/232449/328099/19139/71336","Negative NES",8,"STm vs NT"
"mmu04216","Ferroptosis",33,0.35014438323928,1.00886703969684,0.462209302325581,0.713642838642839,0.497757603020761,2220,"tags=33%, list=21%, signal=26%","66734/53945/15368/12870/27057/22059/67443/18174/20229/14081/74244","Positive NES",11,"STm vs NT"
"mmu04727","GABAergic synapse",32,0.346617198399307,0.999318472073367,0.46656976744186,0.713642838642839,0.497757603020761,2199,"tags=38%, list=21%, signal=30%","12286/18752/14645/20779/11515/14706/14710/14677/14707/216456/57436/54393","Positive NES",12,"STm vs NT"
"mmu00230","Purine metabolism",69,-0.24627332023091,-0.998179906344468,0.466942148760331,0.713642838642839,0.497757603020761,2282,"tags=33%, list=21%, signal=26%","171567/76974/27369/109674/56248/50773/23918/66401/13178/74167/72157/18605/11639/11637/12497/231327/229363/328099/102216272/19139/20135/14450/66355","Negative NES",23,"STm vs NT"
"mmu00480","Glutathione metabolism",43,-0.273339477861511,-0.997328214065753,0.468531468531469,0.713642838642839,0.497757603020761,520,"tags=12%, list=5%, signal=11%","20603/20135/20810/18263/14867","Negative NES",5,"STm vs NT"
"mmu05215","Prostate cancer",74,0.29969574808276,0.99328384786695,0.479632063074901,0.726012326775352,0.50638517753008,2085,"tags=24%, list=20%, signal=20%","18035/18792/18791/16178/18033/18591/13649/21414/19697/56458/12913/22059/12575/12387/50528/74769/328572/54635","Positive NES",18,"STm vs NT"
"mmu04713","Circadian entrainment",40,0.329987655751703,0.984677580872707,0.481065918653576,0.726012326775352,0.50638517753008,1813,"tags=25%, list=17%, signal=21%","73086/18752/14810/12323/18628/11515/14706/14710/14677/14707","Positive NES",10,"STm vs NT"
"mmu04072","Phospholipase D signaling pathway",82,0.293634829375769,0.990029717982904,0.484810126582278,0.728322062308537,0.507996191275831,2662,"tags=29%, list=25%, signal=22%","14388/19159/234779/18591/13649/14389/67168/11841/19157/11515/19730/110524/18806/223864/74769/14062/56077/54635/19229/18720/64143/11845/18708/18803","Positive NES",24,"STm vs NT"
"mmu01524","Platinum drug resistance",66,0.298207874665357,0.975690871871755,0.497333333333333,0.743739393939394,0.518749601275917,2101,"tags=24%, list=20%, signal=20%","170770/68312/11796/68214/14102/11783/12122/14865/58801/11797/22059/80905/12575/74769/12370/14866","Positive NES",16,"STm vs NT"
"mmu04714","Thermogenesis",179,-0.211856713757976,-0.990079223254739,0.510416666666667,0.756428303303303,0.527599968389442,3492,"tags=35%, list=33%, signal=24%","66414/12865/11465/12894/329003/68375/15461/67003/100041273/100042503/68194/11957/66046/16890/14784/66359/27425/70316/26415/66853/75406/277250/17711/17718/56456/66445/73694/67273/68349/110651/57279/17992/20588/67680/66916/20586/52469/11951/20587/70383/327826/74370/50790/17722/67892/66272/19082/75597/231430/226139/68033/18749/227197/18747/19092/72900/68185/19016/70673/68493/56717/74205/76947","Negative NES",63,"STm vs NT"
"mmu04972","Pancreatic secretion",36,0.331525288883264,0.972351503770903,0.508474576271186,0.756428303303303,0.527599968389442,1685,"tags=22%, list=16%, signal=19%","18752/12494/22063/54403/11515/215449/18778/11931","Positive NES",8,"STm vs NT"
"mmu00330","Arginine and proline metabolism",28,0.343427379456644,0.956835635915673,0.517189835575486,0.763028950243654,0.532203843075081,872,"tags=11%, list=8%, signal=10%","18126/212647/18452","Positive NES",3,"STm vs NT"
"mmu04742","Taste transduction",12,0.411756217537179,0.954198994988229,0.519933554817276,0.763652408637874,0.532638698074089,136,"tags=8%, list=1%, signal=8%","12286","Positive NES",1,"STm vs NT"
"mmu04978","Mineral absorption",25,0.354150872399224,0.958900761038967,0.524539877300613,0.766993865030675,0.534969325153374,1685,"tags=28%, list=16%, signal=24%","53945/70358/15368/72027/22337/18174/11931","Positive NES",7,"STm vs NT"
"mmu05034","Alcoholism",81,0.289364277945157,0.974725299006241,0.529936305732484,0.771455949495519,0.538081577315703,1896,"tags=23%, list=18%, signal=19%","18767/97114/78303/319149/14810/319179/55984/11909/14706/12913/319162/319158/14710/14677/15184/319164/14707/232232/319166","Positive NES",19,"STm vs NT"
"mmu05210","Colorectal cancer",75,0.287269432050962,0.957137946195416,0.536269430051813,0.773827379329152,0.539735622120477,1873,"tags=21%, list=18%, signal=18%","21808/170770/12125/13649/21414/58801/17127/16476/19730/27015/21812/22059/72993/12575/12387/74769","Positive NES",16,"STm vs NT"
"mmu04924","Renin secretion",27,0.338362436713511,0.940829737368076,0.535608308605341,0.773827379329152,0.539735622120477,26,"tags=4%, list=0%, signal=4%","13614","Positive NES",1,"STm vs NT"
"mmu00250","Alanine, aspartate and glutamate metabolism",21,0.36183450655364,0.951089417385049,0.541471048513302,0.777921288038761,0.542591075963686,991,"tags=19%, list=9%, signal=17%","11565/11484/212647/14645","Positive NES",4,"STm vs NT"
"mmu04141","Protein processing in endoplasmic reticulum",154,-0.21490479799572,-0.987533025896959,0.565217391304348,0.791304347826087,0.551925604946687,3384,"tags=38%, list=32%, signal=26%","140740/71853/57377/17155/216440/56085/12043/108687/13200/12333/20334/217379/20338/75744/12304/67075/100037258/68292/12915/26420/17156/66256/20335/50907/107513/105245/67695/110379/12028/56424/56453/15519/22027/386649/66245/67397/109815/54609/12282/14376/27054/78943/218811/94232/15505/19358/66435/226418/66861/15502/320011/217365/70361/230815/110616/15481/213539/193740","Negative NES",58,"STm vs NT"
"mmu04218","Cellular senescence",135,0.263260565746831,0.94943327999042,0.562428407789233,0.791304347826087,0.551925604946687,1898,"tags=16%, list=18%, signal=14%","16175/21808/19094/18018/54354/18033/18412/15015/14235/56484/19697/12192/17127/29857/56458/21812/72568/22059/12575/17164/74769/18787","Positive NES",22,"STm vs NT"
"mmu04912","GnRH signaling pathway",59,0.295048210150891,0.940120080860856,0.559782608695652,0.791304347826087,0.551925604946687,2326,"tags=27%, list=22%, signal=21%","19094/13649/23939/12323/15200/18753/20779/11515/16476/29857/18806/26406/26407/26397/19229/13653","Positive NES",16,"STm vs NT"
"mmu03050","Proteasome",42,-0.258407517621935,-0.937617144012926,0.555172413793103,0.791304347826087,0.551925604946687,4292,"tags=62%, list=40%, signal=37%","20422/103554/19182/19177/70247/19192/66413/19175/19167/56436/26446/19185/26444/21762/69077/22123/19179/66997/26441/23997/19184/23996/67089/59029/19173/17463","Negative NES",26,"STm vs NT"
"mmu05231","Choline metabolism in cancer",70,0.283558412988129,0.93451144709039,0.561264822134387,0.791304347826087,0.551925604946687,2810,"tags=30%, list=26%, signal=22%","30805/18591/13649/18752/12651/74182/16476/19730/110524/18806/20683/74769/56077/54635/70129/18720/170758/18708/18803/13685/13026","Positive NES",21,"STm vs NT"
"mmu04370","VEGF signaling pathway",43,0.306331909985469,0.927113474546316,0.562849162011173,0.791304347826087,0.551925604946687,2662,"tags=30%, list=25%, signal=23%","19225/19094/234779/18752/20779/29857/102626/17164/74769/14083/170758/18708/18803","Positive NES",13,"STm vs NT"
"mmu04810","Regulation of actin cytoskeleton",138,0.261736192114649,0.944549924959799,0.574857142857143,0.800628005102542,0.558428747759891,2736,"tags=30%, list=26%, signal=22%","16420/16398/16419/18591/107589/13649/231637/17698/30938/404710/16410/20779/11461/19241/232906/12928/74769/14062/18718/117150/54635/237860/14083/18479/22330/12927/54126/18720/16886/109711/227753/17886/170758/29875/226970/18708/18481/74117/67268/19877/13367","Positive NES",41,"STm vs NT"
"mmu00534","Glycosaminoglycan biosynthesis - heparan sulfate / heparin",15,0.366292322392556,0.913369905298043,0.576744186046512,0.800628005102542,0.558428747759891,2013,"tags=47%, list=19%, signal=38%","93683/15476/17423/14042/50785/58193/56219","Positive NES",7,"STm vs NT"
"mmu04137","Mitophagy - animal",92,0.268907336521087,0.926629942042012,0.584882280049566,0.808513740068518,0.563928956438768,1824,"tags=21%, list=17%, signal=17%","226421/66734/18412/71648/270151/56484/22030/271457/13666/17684/19697/20779/16476/213948/22059/67443/20437/233204/20683","Positive NES",19,"STm vs NT"
"mmu04922","Glucagon signaling pathway",65,-0.228312887173905,-0.923691828292715,0.60377358490566,0.820832683611414,0.572521276683053,1649,"tags=18%, list=15%, signal=16%","14936/19082/18749/18747/68734/18795/18641/16438/15469/19057/107476/100705","Negative NES",12,"STm vs NT"
"mmu04915","Estrogen signaling pathway",77,0.275917488518158,0.923480449396372,0.601542416452442,0.820832683611414,0.572521276683053,2207,"tags=25%, list=21%, signal=20%","16666/16665/13649/16661/15200/18753/20779/11909/11515/16476/13982/12913/16671/14677/20683/74769/94179/54393/13033","Positive NES",19,"STm vs NT"
"mmu01232","Nucleotide metabolism",62,-0.230651702079391,-0.918862039282679,0.601476014760148,0.820832683611414,0.572521276683053,2282,"tags=31%, list=21%, signal=24%","171567/320685/27369/109674/56248/50773/23918/13178/18605/110074/11639/80914/11637/12497/22171/229363/102216272/20135/66355","Negative NES",19,"STm vs NT"
"mmu00982","Drug metabolism - cytochrome P450",26,0.322610788971654,0.889365529691338,0.603293413173653,0.820832683611414,0.572521276683053,819,"tags=15%, list=8%, signal=14%","68312/11529/68214/14865","Positive NES",4,"STm vs NT"
"mmu04725","Cholinergic synapse",48,-0.245221897683059,-0.915928851967714,0.614285714285714,0.822200055773645,0.57347500290723,1688,"tags=21%, list=16%, signal=18%","14672/26395/18749/18747/14697/16535/18795/16438/18709/11444","Negative NES",10,"STm vs NT"
"mmu05211","Renal cell carcinoma",62,0.285283104724522,0.911140481111407,0.60875512995896,0.822200055773645,0.57347500290723,2750,"tags=29%, list=26%, signal=22%","14388/21808/18591/17295/16476/215449/112407/12928/12575/74769/112405/328572/11863/18479/22346/18708/18481/209446","Positive NES",18,"STm vs NT"
"mmu00564","Glycerophospholipid metabolism",68,0.272166489125912,0.896104536150769,0.614775725593668,0.822200055773645,0.57347500290723,2033,"tags=24%, list=19%, signal=19%","233552/85031/231510/12651/74182/64899/99010/18778/18618/71910/110524/18806/241274/64898/74442/56077","Positive NES",16,"STm vs NT"
"mmu00380","Tryptophan metabolism",16,-0.312809041985831,-0.881884727364654,0.612903225806452,0.822200055773645,0.57347500290723,3478,"tags=50%, list=33%, signal=34%","78920/56752/12359/15107/270076/110446/70266/110460","Negative NES",8,"STm vs NT"
"mmu00563","Glycosylphosphatidylinositol (GPI)-anchor biosynthesis",27,0.315746696913091,0.877945805145926,0.620178041543027,0.826067107966218,0.57617222696092,2516,"tags=30%, list=24%, signal=23%","225651/230801/56703/320655/110417/67556/55981/329777","Positive NES",8,"STm vs NT"
"mmu00592","alpha-Linolenic acid metabolism",11,0.383569262379846,0.869750526743295,0.624365482233503,0.828291305059767,0.577723578637112,1328,"tags=27%, list=12%, signal=24%","235674/80911/18778","Positive NES",3,"STm vs NT"
"mmu04082","Neuroactive ligand signaling",33,0.306725302743351,0.883764135571852,0.636627906976744,0.841166993555618,0.586704222028874,1813,"tags=30%, list=17%, signal=25%","18752/18442/70155/11548/14810/11515/14706/14710/14677/14707","Positive NES",10,"STm vs NT"
"mmu05207","Chemical carcinogenesis - receptor activation",114,0.256086307042842,0.902675417309263,0.640236686390533,0.842551479289941,0.587669884771099,2101,"tags=25%, list=20%, signal=21%","56489/12286/68312/68214/18033/13649/18752/14865/12053/19697/74229/71904/109689/13113/20779/11909/11515/16476/13982/216869/12913/14677/22337/74769/13078/18129/16452/11863/14866","Positive NES",29,"STm vs NT"
"mmu05012","Parkinson disease",211,-0.202732907385125,-0.962877542774773,0.648648648648649,0.850220738666954,0.593019104237389,4105,"tags=41%, list=38%, signal=26%","19177/67128/66576/17719/12857/105675/70247/16440/68342/66925/22273/66413/227613/230075/12048/19175/68202/19167/14828/22187/56436/26446/19185/26444/66414/21762/16573/12865/11911/74764/68375/67003/100041273/100042503/68194/69077/11957/66046/22146/22123/19179/70316/66997/26441/75406/23997/17711/19184/17718/12315/26420/68015/66445/67273/12028/68349/23996/17992/12367/67680/66916/67089/56551/11951/59029/215999/78943/16594/22154/19173/17722/17463/13063/18749/227197/18747/72900/106957/328133/68943/16438/11739/22143/67547/227059/56791","Negative NES",86,"STm vs NT"
"mmu04150","mTOR signaling pathway",115,0.252260364238983,0.887488537462718,0.67103694874851,0.873122529644269,0.60899283782579,1095,"tags=10%, list=10%, signal=9%","21926/22417/18752/319481/56430/20393/74747/97998/64899/57265/22422/227154","Positive NES",12,"STm vs NT"
"mmu05218","Melanoma",46,-0.235372624804011,-0.871442502996789,0.671428571428571,0.873122529644269,0.60899283782579,1271,"tags=20%, list=12%, signal=17%","26395/12578/26396/12567/13557/18709/14172/242705/13555","Negative NES",9,"STm vs NT"
"mmu00980","Metabolism of xenobiotics by cytochrome P450",33,0.291942648675006,0.84117104208618,0.680232558139535,0.881088628456327,0.614549099355237,819,"tags=15%, list=8%, signal=14%","68312/11529/74134/68214/14865","Positive NES",5,"STm vs NT"
"mmu05416","Viral myocarditis",34,0.287636287988353,0.834909028766696,0.684438040345821,0.883059275583432,0.615923602870543,2599,"tags=32%, list=24%, signal=25%","12389/15015/15894/12122/11461/12370/13052/13405/14998/170758/13136","Positive NES",11,"STm vs NT"
"mmu00040","Pentose and glucuronate interconversions",15,0.321860929088736,0.802577800158917,0.689922480620155,0.886658187984496,0.61843380252958,3762,"tags=67%, list=35%, signal=43%","14187/66646/68631/67861/58810/67880/22235/70984/11677/216558","Positive NES",10,"STm vs NT"
"mmu00790","Folate biosynthesis",16,-0.290050122780424,-0.817721801858544,0.701612903225806,0.898173716580896,0.626465750166807,613,"tags=19%, list=6%, signal=18%","20751/13361/268566","Negative NES",3,"STm vs NT"
"mmu04540","Gap junction",50,0.26915452580849,0.836502022350401,0.70954356846473,0.904805558236032,0.631091382804207,1251,"tags=16%, list=12%, signal=14%","18591/13649/18752/23939/73710/22151/20779/11515","Positive NES",8,"STm vs NT"
"mmu05014","Amyotrophic lateral sclerosis",293,0.234265118780537,0.893709384218452,0.744973544973545,0.917444029850746,0.639906570172653,937,"tags=6%, list=9%, signal=6%","18126/21926/211323/21938/12362/19094/12364/66734/18412/11783/227058/12122/73710/71648/14810/22030/271457/13666","Positive NES",18,"STm vs NT"
"mmu05226","Gastric cancer",91,0.248644767983138,0.85367529087548,0.733499377334994,0.917444029850746,0.639906570172653,1873,"tags=21%, list=18%, signal=17%","14388/22417/21808/13649/21414/18669/17295/57265/22422/17127/22409/27015/21812/22059/14296/12575/12387/14367/74769","Positive NES",19,"STm vs NT"
"mmu05220","Chronic myeloid leukemia",70,0.25610382816611,0.844030535164969,0.723320158102767,0.917444029850746,0.639906570172653,2266,"tags=24%, list=21%, signal=19%","18035/21808/18033/14389/19697/17127/27015/21812/12402/22059/12928/12575/13017/74769/20851/17246/20850","Positive NES",17,"STm vs NT"
"mmu00983","Drug metabolism - other enzymes",47,0.265189170212981,0.820466155661974,0.728395061728395,0.917444029850746,0.639906570172653,1408,"tags=17%, list=13%, signal=15%","72361/68312/68214/22436/17961/14865/382985/22271","Positive NES",8,"STm vs NT"
"mmu00562","Inositol phosphate metabolism",61,0.256454753464239,0.817648392882242,0.7462482946794,0.917444029850746,0.639906570172653,2889,"tags=38%, list=27%, signal=28%","234779/170835/64436/17772/240752/219135/104776/97287/320404/327655/320634/74769/18718/117150/19062/212111/104015/18720/20975/74302/18803/225326/107650","Positive NES",23,"STm vs NT"
"mmu05216","Thyroid cancer",33,0.280069800461428,0.806961939203565,0.728197674418605,0.917444029850746,0.639906570172653,3530,"tags=45%, list=33%, signal=31%","18510/21414/27057/27015/22059/12575/12387/23882/17873/12550/107986/12018/76551/16653/13197","Positive NES",15,"STm vs NT"
"mmu04911","Insulin secretion",31,0.280345555246539,0.797927361307312,0.745241581259151,0.917444029850746,0.639906570172653,1685,"tags=19%, list=16%, signal=16%","18752/12323/11909/11515/12913/11931","Positive NES",6,"STm vs NT"
"mmu04960","Aldosterone-regulated sodium reabsorption",21,0.303269712359266,0.797150655379927,0.735524256651017,0.917444029850746,0.639906570172653,2660,"tags=38%, list=25%, signal=29%","18752/20393/11931/83814/74769/110784/20276/18708","Positive NES",8,"STm vs NT"
"mmu04977","Vitamin digestion and absorption",14,-0.291500361265802,-0.780050651040341,0.747340425531915,0.917444029850746,0.639906570172653,1058,"tags=21%, list=10%, signal=19%","20509/26363/11806","Negative NES",3,"STm vs NT"
"mmu00511","Other glycan degradation",14,0.313531648797423,0.761387219131305,0.736421725239617,0.917444029850746,0.639906570172653,836,"tags=14%, list=8%, signal=13%","217364/110173","Positive NES",2,"STm vs NT"
"mmu03060","Protein export",30,-0.243205833771935,-0.82647475274428,0.755417956656347,0.923912668178208,0.644418370381857,3939,"tags=53%, list=37%, signal=34%","56495/66286/66661/14828/140740/67398/20335/224727/71446/66384/69089/20818/52551/100169864/27643/76687","Negative NES",16,"STm vs NT"
"mmu00500","Starch and sucrose metabolism",17,-0.278522589123384,-0.797753997422162,0.763231197771588,0.93001134839575,0.648672129100219,1753,"tags=35%, list=16%, signal=30%","27357/74185/72157/14936/18605/70974","Negative NES",6,"STm vs NT"
"mmu04144","Endocytosis",201,0.227161904746411,0.842773570582679,0.793290043290043,0.934095638138576,0.651520873825659,2942,"tags=29%, list=28%, signal=21%","230837/19159/12389/140500/13649/13196/15015/271457/12340/268451/109689/11841/20779/17127/19157/66371/78287/12390/216869/13855/21812/77038/18806/70432/12402/230597/83814/77407/15239/71889/223593/80794/18854/232227/75767/17246/58220/105513/68942/18720/107568/13660/69710/52055/68524/11845/74117/11773/71955/14773/106572/75608/70160/227700/14972/19326/73178/107305","Positive NES",58,"STm vs NT"
"mmu04723","Retrograde endocannabinoid signaling",83,0.239911259267317,0.812268138699481,0.772613065326633,0.934095638138576,0.651520873825659,1813,"tags=12%, list=17%, signal=10%","19225/12286/19094/18752/11515/29857/14706/14710/14677/14707","Positive NES",10,"STm vs NT"
"mmu04970","Salivary secretion",32,-0.235503516873403,-0.804078478862682,0.796178343949045,0.934095638138576,0.651520873825659,1339,"tags=19%, list=13%, signal=16%","18749/18747/19092/18795/16438/11830","Negative NES",6,"STm vs NT"
"mmu04156","Integrated stress response (ISR) signaling pathway",49,0.254528748196707,0.788323083730172,0.783633841886269,0.934095638138576,0.651520873825659,1046,"tags=12%, list=10%, signal=11%","170770/228775/74747/13666/97998/58801","Positive NES",6,"STm vs NT"
"mmu00052","Galactose metabolism",20,-0.260259167658207,-0.788244613975322,0.792,0.934095638138576,0.651520873825659,959,"tags=25%, list=9%, signal=23%","14635/72157/18641/14430/74246","Negative NES",5,"STm vs NT"
"mmu03320","PPAR signaling pathway",39,0.261559611021858,0.77779160824364,0.770422535211268,0.934095638138576,0.651520873825659,1015,"tags=13%, list=10%, signal=12%","94180/235674/80911/26457/11520","Positive NES",5,"STm vs NT"
"mmu00541","Biosynthesis of various nucleotide sugars",18,-0.264599278579648,-0.771762120488532,0.797814207650273,0.934095638138576,0.651520873825659,2827,"tags=39%, list=27%, signal=29%","50798/123956256/266690/69080/107652/72017/12764","Negative NES",7,"STm vs NT"
"mmu04961","Endocrine and other factor-regulated calcium reabsorption",27,0.276391880785909,0.768518228962419,0.792284866468843,0.934095638138576,0.651520873825659,1685,"tags=19%, list=16%, signal=16%","18752/11515/13982/22337/11931","Positive NES",5,"STm vs NT"
"mmu00561","Glycerolipid metabolism",37,0.261562357767846,0.765052744146603,0.781740370898716,0.934095638138576,0.651520873825659,2087,"tags=27%, list=20%, signal=22%","231510/14187/64899/71910/110524/16891/64898/67800/56077/67861","Positive NES",10,"STm vs NT"
"mmu04918","Thyroid hormone synthesis",34,0.260444234366273,0.755979867086296,0.796829971181556,0.934095638138576,0.651520873825659,1685,"tags=21%, list=16%, signal=17%","18510/18752/11909/11515/14775/12913/11931","Positive NES",7,"STm vs NT"
"mmu04973","Carbohydrate digestion and absorption",16,-0.262621859339455,-0.740394859922444,0.795698924731183,0.934095638138576,0.651520873825659,969,"tags=62%, list=9%, signal=57%","18797/14385/11933/15275/15277/11651/11652/18710/18795/18709","Negative NES",10,"STm vs NT"
"mmu04310","Wnt signaling pathway",105,0.230378045852395,0.80595287638998,0.811750599520384,0.943695926650905,0.658216963717477,2025,"tags=21%, list=19%, signal=17%","22417/21887/18018/114606/18752/21414/12323/208846/57265/22422/17127/16476/22409/16348/22059/14296/20437/12387/13017/14367/54630/328572","Positive NES",22,"STm vs NT"
"mmu04070","Phosphatidylinositol signaling system",74,0.241353961708196,0.799921231172246,0.80946123521682,0.943695926650905,0.658216963717477,2889,"tags=34%, list=27%, signal=25%","234779/18752/64436/17772/240752/219135/97287/320404/327655/110524/320634/74769/18718/117150/56077/212111/104015/18720/20975/74302/18708/18803/225326/12314/107650","Positive NES",25,"STm vs NT"
"mmu04721","Synaptic vesicle cycle",39,-0.22734608760934,-0.803146391189483,0.815068493150685,0.944216669882307,0.658580176081725,2899,"tags=31%, list=27%, signal=22%","18195/11972/13852/76252/108124/232910/11966/19339/140494/27060/110935/22249","Negative NES",12,"STm vs NT"
"mmu05031","Amphetamine addiction",36,0.250442573920842,0.734538876899777,0.819209039548023,0.945683417583507,0.65960321559176,1459,"tags=17%, list=14%, signal=14%","18752/14810/12323/11909/16476/12913","Positive NES",6,"STm vs NT"
"mmu00601","Glycosphingolipid biosynthesis - lacto and neolacto series",10,0.312171956703472,0.700105655109586,0.823931623931624,0.947809455501763,0.661086102381649,1621,"tags=30%, list=15%, signal=25%","14538/14343/14595","Positive NES",3,"STm vs NT"
"mmu00760","Nicotinate and nicotinamide metabolism",24,-0.24287348409357,-0.782292269601504,0.830028328611898,0.951495888896566,0.663657346918737,2767,"tags=42%, list=26%, signal=31%","64383/192185/12182/50773/68646/18605/59027/64384/66454/68346","Negative NES",10,"STm vs NT"
"mmu00410","beta-Alanine metabolism",18,0.274491289682413,0.700001493313851,0.836477987421384,0.955559923130678,0.666491963661775,2479,"tags=28%, list=23%, signal=21%","80911/104776/246277/66054/11670","Positive NES",5,"STm vs NT"
"mmu05212","Pancreatic cancer",69,-0.201015589872198,-0.814744051382735,0.851239669421488,0.956772561620135,0.667337764943815,622,"tags=14%, list=6%, signal=14%","12675/12578/12567/56717/13557/18709/22339/12190/242705/13555","Negative NES",10,"STm vs NT"
"mmu04140","Autophagy - animal",146,0.21734916394285,0.78607936636192,0.850627137970353,0.956772561620135,0.667337764943815,3564,"tags=37%, list=33%, signal=25%","226421/66734/18412/71648/73683/74747/13666/97998/18753/12633/666468/97287/66795/213948/22320/269338/67443/353047/13143/52639/74769/73205/57436/19338/13033/74244/74302/13030/18708/52440/13039/225326/56480/100502698/228545/67841/72145/29869/16783/75669/19324/66840/228361/237782/66615/110157/26419/56486/64930/16653/100502841/11793/68728/56716","Positive NES",54,"STm vs NT"
"mmu04919","Thyroid hormone signaling pathway",88,0.227673446002679,0.773797176869129,0.846925972396487,0.956772561620135,0.667337764943815,2662,"tags=27%, list=25%, signal=21%","22417/12159/234779/18752/21833/16410/20779/13982/18128/56458/11461/22059/11931/12387/74769/20502/18129/328572/17246/20466/18640/18519/18708/18803","Positive NES",24,"STm vs NT"
"mmu04260","Cardiac muscle contraction",36,0.240007712679346,0.703933811886524,0.851694915254237,0.956772561620135,0.667337764943815,1809,"tags=14%, list=17%, signal=12%","12297/22003/326618/11931/21956","Positive NES",5,"STm vs NT"
"mmu04923","Regulation of lipolysis in adipocytes",24,0.259425829744577,0.699969813749627,0.852080123266564,0.956772561620135,0.667337764943815,2804,"tags=33%, list=26%, signal=25%","19225/11515/14677/19224/74769/225845/18708/67469","Positive NES",8,"STm vs NT"
"mmu05017","Spinocerebellar ataxia",106,-0.197577162015657,-0.849710409021914,0.859756097560976,0.962108013937282,0.67105918105368,4007,"tags=49%, list=38%, signal=31%","105675/70247/16440/68118/66413/80913/19175/18750/19167/56436/26446/19185/26444/21762/11651/11652/21374/69077/11938/22123/19179/226153/66997/26441/23997/14682/19184/26420/233871/23996/18710/67089/59029/329015/215999/78943/19173/17463/13063/22359/74143/81601/18795/16438/11739/76559/69597/56717/18709/67134/110616/16504","Negative NES",52,"STm vs NT"
"mmu01522","Endocrine resistance",70,-0.196701316318329,-0.798389871645511,0.864197530864197,0.963799958150241,0.672239292518805,1339,"tags=19%, list=13%, signal=16%","26395/18749/18747/12578/26396/12567/59035/16450/56717/13557/18709/242705/13555","Negative NES",13,"STm vs NT"
"mmu04152","AMPK signaling pathway",92,-0.192963772332488,-0.823939271002173,0.902564102564103,0.985552859092977,0.68741168863308,1649,"tags=36%, list=15%, signal=31%","71978/12894/226849/11651/11652/17274/207565/72674/16890/69008/18642/15568/26409/12443/16001/18710/21770/72149/74370/14936/19082/68465/20787/19016/18641/107476/56717/16337/18709/14104/20250/15357/100705","Negative NES",33,"STm vs NT"
"mmu05224","Breast cancer",85,0.218838107006792,0.739311619349253,0.887055837563452,0.985552859092977,0.68741168863308,1948,"tags=22%, list=18%, signal=18%","22417/18034/13649/21414/57265/22422/16476/13982/22409/18128/27015/22059/14296/12575/12387/20683/14367/74769/18129","Positive NES",19,"STm vs NT"
"mmu04934","Cushing syndrome",84,0.211246561419985,0.715363925065995,0.908176100628931,0.985552859092977,0.68741168863308,1835,"tags=21%, list=17%, signal=18%","22417/13649/69544/21414/12323/57265/22422/11909/11515/215449/22409/12913/109305/14677/12575/12387/20683/14367","Positive NES",18,"STm vs NT"
"mmu04925","Aldosterone synthesis and secretion",44,0.220060806878487,0.667219339662706,0.908707865168539,0.985552859092977,0.68741168863308,1694,"tags=20%, list=16%, signal=17%","18752/12323/11909/11515/12913/18227/109305/11931/75292","Positive NES",9,"STm vs NT"
"mmu04130","SNARE interactions in vesicular transport",31,0.233494475477368,0.664578507526706,0.90190336749634,0.985552859092977,0.68741168863308,3303,"tags=35%, list=31%, signal=25%","68159/54399/74732/22320/22317/53620/56494/22318/56389/20908/58244","Positive NES",11,"STm vs NT"
"mmu04730","Long-term depression",34,0.225494031935786,0.65453147275985,0.910662824207493,0.985552859092977,0.68741168863308,522,"tags=6%, list=5%, signal=6%","12286/18752","Positive NES",2,"STm vs NT"
"mmu00515","Mannose type O-glycan biosynthesis",14,-0.241998503878056,-0.64758441355322,0.893617021276596,0.985552859092977,0.68741168863308,2114,"tags=29%, list=20%, signal=23%","246179/74653/217734/20441","Negative NES",4,"STm vs NT"
"mmu04964","Proximal tubule bicarbonate reclamation",11,0.28405842921968,0.644107838325762,0.890016920473773,0.985552859092977,0.68741168863308,1814,"tags=27%, list=17%, signal=23%","54403/11931/216456","Positive NES",3,"STm vs NT"
"mmu00350","Tyrosine metabolism",14,0.256110695307756,0.621944900421039,0.899361022364217,0.985552859092977,0.68741168863308,312,"tags=7%, list=3%, signal=7%","11529","Positive NES",1,"STm vs NT"
"mmu04136","Autophagy - other",30,0.227472918709915,0.645718813065325,0.921944035346097,0.991240482447274,0.691378739956826,3714,"tags=50%, list=35%, signal=33%","666468/66795/213948/52639/57436/74244/225326/67841/29869/75669/66615/56486/11793/56716/19052","Positive NES",15,"STm vs NT"
"mmu00531","Glycosaminoglycan degradation",16,0.242785027086822,0.605683201582755,0.920634920634921,0.991240482447274,0.691378739956826,300,"tags=6%, list=3%, signal=6%","109685","Positive NES",1,"STm vs NT"
"mmu05208","Chemical carcinogenesis - reactive oxygen species",184,0.200453483240811,0.738140966937832,0.936263736263736,0.995334426827046,0.694234218679558,1290,"tags=9%, list=12%, signal=8%","18035/19094/68312/68214/18033/13649/56484/14865/13057/15368/17295/19697/18753/20779/16476/29857","Positive NES",16,"STm vs NT"
"mmu03083","Polycomb repressive complex",73,-0.17839160504767,-0.736618365032907,0.933333333333333,0.995334426827046,0.694234218679558,1094,"tags=36%, list=10%, signal=32%","252870/15161/71833/108155/14056/75302/30841/74112/77593/19646/17765/269536/29871/12418/17187/52615/68837/15182/69837/50496/214669/21652/21781/104416/56353/628746","Negative NES",26,"STm vs NT"
"mmu04211","Longevity regulating pathway",65,0.206062339339015,0.66735150458988,0.937584803256445,0.995334426827046,0.694234218679558,2071,"tags=18%, list=19%, signal=15%","18033/19079/56484/19697/11909/11515/56458/12913/22059/72993/74769/140742","Positive NES",12,"STm vs NT"
"mmu00010","Glycolysis / Gluconeogenesis",41,0.211613011277867,0.634536042345314,0.937853107344633,0.995334426827046,0.694234218679558,312,"tags=5%, list=3%, signal=5%","18770/11529","Positive NES",2,"STm vs NT"
"mmu04142","Lysosome biogenesis",208,-0.179026568645518,-0.84746445255651,0.958333333333333,1,0.697488401855703,1799,"tags=17%, list=17%, signal=14%","11774/11432/50917/11966/320528/72368/19141/11766/74347/140494/27060/268706/17828/11768/211329/66508/18010/108011/18711/432486/192654/56717/20597/94245/211978/110935/54397/11764/21425/103199/11881/320351/76303/27426/63959","Negative NES",35,"STm vs NT"
"mmu05016","Huntington disease",237,-0.167221154356274,-0.813864736347362,0.971428571428571,1,0.697488401855703,4117,"tags=43%, list=39%, signal=27%","11772/433759/19177/67710/66576/17719/12857/105675/70247/68342/66925/22273/68118/66491/26400/66413/227613/230075/12757/19175/68202/19167/56436/26446/19185/69833/26444/66414/53598/21762/16573/12865/74764/68375/69241/56444/69920/67003/100041273/100042503/68194/21374/69077/11957/66046/22146/22123/19179/70316/66997/228980/26441/75406/20021/23997/14682/17711/19184/17718/26420/66445/226977/67273/12028/68349/66420/72504/231329/23996/17992/12367/67680/66916/67089/17749/11951/59029/329015/78943/232910/16594/22154/19173/17722/54152/17463/13063/227197/72900/13191/15182/245841/19016/18795/16438/11739/76559/22143/21780/269881/56717","Negative NES",101,"STm vs NT"
"mmu03082","ATP-dependent chromatin remodeling",91,-0.164035739134709,-0.703043308569864,0.964824120603015,1,0.697488401855703,2998,"tags=29%, list=28%, signal=21%","109275/21427/56456/19646/59001/407823/68142/20588/26992/22385/20586/116870/56207/20587/268996/210982/77045/70088/12054/93762/15182/81601/20174/56505/17192/269397","Negative NES",26,"STm vs NT"
"mmu05214","Glioma",59,-0.174177198064399,-0.682757719692337,0.973684210526316,1,0.697488401855703,1271,"tags=14%, list=12%, signal=12%","12578/26396/12567/56717/13557/18709/242705/13555","Negative NES",8,"STm vs NT"
"mmu04910","Insulin signaling pathway",105,-0.148603327572884,-0.641275885595924,1,1,0.697488401855703,2120,"tags=20%, list=20%, signal=16%","13684/110094/74370/105651/11836/53413/14936/19082/26395/20787/18749/18747/26396/17346/107476/56717/14252/16337/18709/14104/100705","Negative NES",21,"STm vs NT"
"mmu05223","Non-small cell lung cancer",61,0.19592863813151,0.624674465666218,0.964529331514325,1,0.697488401855703,3013,"tags=31%, list=28%, signal=22%","54354/234779/13649/18752/56484/17295/27015/22059/12575/74769/56289/20851/20850/18708/18803/23882/17873/16453/107986","Positive NES",19,"STm vs NT"
"mmu04340","Hedgehog signaling pathway",32,0.209853370064305,0.605020033917992,0.947674418604651,1,0.697488401855703,3110,"tags=38%, list=29%, signal=27%","74239/109689/216869/20747/70425/103583/76857/233812/27373/269878/214897/104318","Positive NES",12,"STm vs NT"
"mmu04929","GnRH secretion",30,-0.177824104398179,-0.604291148921517,0.984520123839009,1,0.697488401855703,3361,"tags=47%, list=32%, signal=32%","11651/11652/15461/15166/14682/20750/18710/16534/14672/26395/26396/18795/16438/18709","Negative NES",14,"STm vs NT"
"mmu04720","Long-term potentiation",43,-0.165000310137523,-0.6020332881192,0.982517482517482,1,0.697488401855703,4264,"tags=56%, list=40%, signal=34%","26413/19047/434233/18176/109905/16440/18750/19055/20111/11911/109880/15461/14682/12315/110651/19056/11836/26395/18749/18747/26396/18795/16438/19057","Negative NES",24,"STm vs NT"
"mmu04120","Ubiquitin mediated proteolysis",129,0.167424006877391,0.598991216246855,0.994172494172494,1,0.697488401855703,2667,"tags=20%, list=25%, signal=15%","12703/11796/66440/66894/74153/107995/22214/11797/12402/56371/229615/218793/20437/83814/67345/22193/80794/18854/217342/17246/107568/22346/67921/103583/246710/22210","Positive NES",26,"STm vs NT"
"mmu05415","Diabetic cardiomyopathy",152,0.163776902754911,0.596411897030976,0.996606334841629,1,0.697488401855703,1290,"tags=7%, list=12%, signal=6%","21808/19094/18033/18752/12323/13057/19697/18753/17127/29857","Positive NES",10,"STm vs NT"
"mmu00600","Sphingolipid metabolism",44,-0.158656347170468,-0.585402274474526,0.993103448275862,1,0.697488401855703,3242,"tags=34%, list=30%, signal=24%","50784/15211/12091/208449/14421/70059/56336/76893/81535/56386/66190/20698/18010/20597/19012","Negative NES",15,"STm vs NT"
"mmu04022","cGMP-PKG signaling pathway",71,0.175621858344059,0.579828734505889,0.981603153745072,1,0.697488401855703,1685,"tags=13%, list=16%, signal=11%","18018/107589/242202/11548/11909/11515/12913/14677/11931","Positive NES",9,"STm vs NT"
"mmu04962","Vasopressin-regulated water reabsorption",31,0.201519185893563,0.573569543884655,0.976573938506589,1,0.697488401855703,4122,"tags=55%, list=39%, signal=34%","271457/11515/12913/67665/234663/13427/19326/22318/213575/110350/14683/19344/13424/69654/11512/53869/208647","Positive NES",17,"STm vs NT"
"mmu05213","Endometrial cancer",50,0.170512805213724,0.529934638733916,0.994467496542185,1,0.697488401855703,1873,"tags=16%, list=18%, signal=13%","13649/21414/56484/27015/22059/12575/12387/74769","Positive NES",8,"STm vs NT"
"mmu04914","Progesterone-mediated oocyte maturation",66,0.15720817261512,0.514361262848404,0.994666666666667,1,0.697488401855703,2660,"tags=23%, list=25%, signal=17%","19094/66440/11515/29857/56371/14677/231207/20868/74769/268697/12532/12235/12531/110033/18708","Positive NES",15,"STm vs NT"
"mmu00450","Selenocompound metabolism",15,0.200321491850613,0.499512577401693,0.986046511627907,1,0.697488401855703,3107,"tags=33%, list=29%, signal=24%","26462/229905/211006/214580/50493","Positive NES",5,"STm vs NT"
"mmu04114","Oocyte meiosis",89,0.137417711912353,0.467807628690388,1,1,0.697488401855703,1633,"tags=10%, list=15%, signal=9%","19094/66440/12323/105988/107995/11515/29857/22629/231207","Positive NES",9,"STm vs NT"
"mmu00310","Lysine degradation",48,0.144785838048083,0.447429961011449,0.998614958448753,1,0.697488401855703,3147,"tags=25%, list=30%, signal=18%","14055/26432/73251/64707/225888/18193/381022/234407/214162/74729/69188/107823","Positive NES",12,"STm vs NT"
